3,992094e+002;1,985506e+000
4,011380e+002;6,813349e-001
4,030665e+002;6,613506e-001
4,049951e+002;7,231725e-001
4,069236e+002;7,540911e-001
4,088522e+002;7,653733e-001
4,107807e+002;7,261105e-001
4,127093e+002;6,515231e-001
4,146378e+002;7,487994e-001
4,165664e+002;9,070427e-001
4,184949e+002;1,083364e+000
4,204235e+002;9,757010e-001
4,223520e+002;8,770016e-001
4,242806e+002;7,469351e-001
4,262091e+002;7,567393e-001
4,281377e+002;8,307081e-001
4,300662e+002;8,802115e-001
4,319948e+002;8,160092e-001
4,339233e+002;8,081164e-001
4,358519e+002;8,847876e-001
4,377804e+002;8,509200e-001
4,397090e+002;7,556589e-001
4,416375e+002;8,251758e-001
4,435660e+002;9,014559e-001
4,454946e+002;8,001338e-001
4,474232e+002;7,252758e-001
4,493517e+002;7,208686e-001
4,512802e+002;7,484315e-001
4,532088e+002;7,528354e-001
4,551373e+002;7,296402e-001
4,570659e+002;6,818199e-001
4,589944e+002;7,286581e-001
4,609230e+002;7,479104e-001
4,628515e+002;6,691619e-001
4,647801e+002;6,807665e-001
4,667086e+002;7,415025e-001
4,686372e+002;7,577558e-001
4,705657e+002;7,023935e-001
4,724943e+002;5,822110e-001
4,744228e+002;6,290712e-001
4,763513e+002;7,126929e-001
4,782799e+002;7,408912e-001
4,802085e+002;7,854645e-001
4,821370e+002;8,167193e-001
4,840656e+002;8,289886e-001
4,859941e+002;8,102136e-001
4,879226e+002;7,622340e-001
4,898512e+002;7,454395e-001
4,917798e+002;7,962456e-001
4,937083e+002;8,684410e-001
4,956368e+002;8,962598e-001
4,975654e+002;8,722782e-001
4,994939e+002;8,542475e-001
5,014225e+002;9,226102e-001
5,033510e+002;9,210228e-001
5,052796e+002;7,994168e-001
5,072081e+002;7,455803e-001
5,091367e+002;7,926503e-001
5,110652e+002;8,332261e-001
5,129938e+002;8,149979e-001
5,149223e+002;7,769346e-001
5,168509e+002;7,629204e-001
5,187794e+002;7,669039e-001
5,207079e+002;8,072791e-001
5,226365e+002;8,593763e-001
5,245651e+002;8,513991e-001
5,264936e+002;7,965132e-001
5,284222e+002;8,007550e-001
5,303507e+002;8,674904e-001
5,322792e+002;8,737624e-001
5,342078e+002;8,653145e-001
5,361364e+002;8,777462e-001
5,380649e+002;8,762660e-001
5,399935e+002;8,725266e-001
5,419220e+002;8,256544e-001
5,438505e+002;8,080779e-001
5,457791e+002;8,469464e-001
5,477076e+002;8,623421e-001
5,496362e+002;8,578004e-001
5,515648e+002;8,300629e-001
5,534933e+002;8,229237e-001
5,554218e+002;8,573480e-001
5,573504e+002;8,772963e-001
5,592789e+002;8,832822e-001
5,612075e+002;8,794241e-001
5,631360e+002;8,780428e-001
5,650646e+002;8,600995e-001
5,669931e+002;8,717725e-001
5,689217e+002;8,613504e-001
5,708502e+002;8,316282e-001
5,727787e+002;8,046624e-001
5,747073e+002;8,238509e-001
5,766359e+002;8,437754e-001
5,785644e+002;8,513097e-001
5,804930e+002;8,400395e-001
5,824215e+002;8,370045e-001
5,843500e+002;8,395398e-001
5,862786e+002;8,318160e-001
5,882072e+002;8,467317e-001
5,901357e+002;8,998513e-001
5,920643e+002;8,857818e-001
5,939928e+002;8,418223e-001
5,959213e+002;8,080279e-001
5,978499e+002;7,923958e-001
5,997784e+002;8,052276e-001
6,017070e+002;8,207739e-001
6,036355e+002;8,404283e-001
6,055641e+002;8,512024e-001
6,074926e+002;8,639477e-001
6,094211e+002;8,663144e-001
6,113497e+002;8,600219e-001
6,132783e+002;8,652651e-001
6,152068e+002;8,643304e-001
6,171354e+002;8,619166e-001
6,190639e+002;8,540682e-001
6,209924e+002;8,438864e-001
6,229210e+002;8,554417e-001
6,248495e+002;8,485741e-001
6,267781e+002;8,292952e-001
6,287067e+002;8,318383e-001
6,306352e+002;8,426707e-001
6,325637e+002;8,467718e-001
6,344923e+002;8,475729e-001
6,364208e+002;8,495531e-001
6,383494e+002;8,553966e-001
6,402780e+002;8,602749e-001
6,422065e+002;8,468891e-001
6,441350e+002;8,585876e-001
6,460636e+002;8,757948e-001
6,479921e+002;9,031534e-001
6,499207e+002;9,118276e-001
6,518492e+002;8,859573e-001
6,537778e+002;8,799098e-001
6,557063e+002;8,808385e-001
6,576349e+002;8,788177e-001
6,595634e+002;8,692884e-001
6,614919e+002;8,549521e-001
6,634205e+002;8,622357e-001
6,653491e+002;8,779555e-001
6,672776e+002;8,567021e-001
6,692062e+002;8,250480e-001
6,711347e+002;8,288562e-001
6,730632e+002;8,376315e-001
6,749918e+002;8,484408e-001
6,769203e+002;8,754681e-001
6,788489e+002;8,927361e-001
6,807775e+002;8,645521e-001
6,827060e+002;8,585762e-001
6,846345e+002;8,878009e-001
6,865631e+002;8,858982e-001
6,884916e+002;8,661765e-001
6,904202e+002;8,599337e-001
6,923488e+002;8,567144e-001
6,942773e+002;8,537943e-001
6,962058e+002;8,663583e-001
6,981344e+002;8,715870e-001
7,000629e+002;8,698596e-001
7,019915e+002;8,654080e-001
7,039200e+002;8,627606e-001
7,058486e+002;8,509283e-001
7,077771e+002;8,348550e-001
7,097057e+002;8,421653e-001
7,116342e+002;8,514964e-001
7,135627e+002;8,544928e-001
7,154913e+002;8,583533e-001
7,174199e+002;8,673891e-001
7,193484e+002;8,748471e-001
7,212770e+002;8,575528e-001
7,232055e+002;8,494732e-001
7,251340e+002;8,537384e-001
7,270626e+002;8,495392e-001
7,289911e+002;8,404850e-001
7,309197e+002;8,376204e-001
7,328483e+002;8,416148e-001
7,347768e+002;8,429887e-001
7,367053e+002;8,387262e-001
7,386339e+002;8,455109e-001
7,405624e+002;8,528240e-001
7,424910e+002;8,503116e-001
7,444196e+002;8,467149e-001
7,463481e+002;8,404331e-001
7,482766e+002;8,473246e-001
7,502052e+002;8,554695e-001
7,521337e+002;8,497202e-001
7,540623e+002;8,459551e-001
7,559908e+002;8,493865e-001
7,579194e+002;8,502887e-001
7,598479e+002;8,452166e-001
7,617765e+002;8,493279e-001
7,637050e+002;8,483303e-001
7,656335e+002;8,389919e-001
7,675621e+002;8,394154e-001
7,694907e+002;8,482737e-001
7,714192e+002;8,453999e-001
7,733478e+002;8,415229e-001
7,752763e+002;8,527294e-001
7,772048e+002;8,538687e-001
7,791334e+002;8,364083e-001
7,810620e+002;8,347662e-001
7,829905e+002;8,377790e-001
7,849191e+002;8,340002e-001
7,868476e+002;8,360428e-001
7,887761e+002;8,408576e-001
7,907047e+002;8,342805e-001
7,926332e+002;8,282329e-001
7,945618e+002;8,297967e-001
7,964903e+002;8,319569e-001
7,984189e+002;8,406411e-001
8,003474e+002;8,506880e-001
8,022759e+002;8,540577e-001
8,042045e+002;8,571652e-001
8,061331e+002;8,662179e-001
8,080616e+002;8,765393e-001
8,099902e+002;8,748309e-001
8,119187e+002;8,753953e-001
8,138472e+002;8,731182e-001
8,157758e+002;8,603293e-001
8,177043e+002;8,579015e-001
8,196329e+002;8,594898e-001
8,215615e+002;8,542527e-001
8,234900e+002;8,586868e-001
8,254185e+002;8,693851e-001
8,273471e+002;8,747998e-001
8,292756e+002;8,762742e-001
8,312042e+002;8,754494e-001
8,331328e+002;8,729544e-001
8,350613e+002;8,724608e-001
8,369898e+002;8,875297e-001
8,389184e+002;9,168148e-001
8,408469e+002;9,428281e-001
8,427755e+002;9,456717e-001
8,447040e+002;9,251729e-001
8,466326e+002;9,025881e-001
8,485611e+002;8,890200e-001
8,504897e+002;8,842703e-001
8,524182e+002;8,718654e-001
8,543467e+002;8,558531e-001
8,562753e+002;8,599509e-001
8,582039e+002;8,733467e-001
8,601324e+002;8,765920e-001
8,620610e+002;8,621386e-001
8,639895e+002;8,560508e-001
8,659180e+002;8,649884e-001
8,678466e+002;8,651972e-001
8,697751e+002;8,648866e-001
8,717037e+002;8,673653e-001
8,736323e+002;8,537832e-001
8,755608e+002;8,398806e-001
8,774893e+002;8,457419e-001
8,794179e+002;8,611513e-001
8,813464e+002;8,640382e-001
8,832750e+002;8,641112e-001
8,852036e+002;8,659235e-001
8,871321e+002;8,591435e-001
8,890606e+002;8,545172e-001
8,909892e+002;8,608037e-001
8,929177e+002;8,735959e-001
8,948463e+002;8,951388e-001
8,967748e+002;9,112812e-001
8,987034e+002;9,063346e-001
9,006319e+002;8,997590e-001
9,025605e+002;8,925995e-001
9,044890e+002;8,810295e-001
9,064175e+002;8,760903e-001
9,083461e+002;8,834804e-001
9,102747e+002;8,832572e-001
9,122032e+002;8,735899e-001
9,141318e+002;8,691465e-001
9,160603e+002;8,749239e-001
9,179888e+002;8,767386e-001
9,199174e+002;8,770123e-001
9,218459e+002;8,842049e-001
9,237745e+002;8,880947e-001
9,257031e+002;8,809567e-001
9,276316e+002;8,773027e-001
9,295601e+002;8,797753e-001
9,314887e+002;8,847679e-001
9,334172e+002;8,886654e-001
9,353458e+002;8,827308e-001
9,372744e+002;8,939754e-001
9,392029e+002;9,102819e-001
9,411314e+002;9,045879e-001
9,430600e+002;8,993320e-001
9,449885e+002;9,042245e-001
9,469171e+002;9,143293e-001
9,488456e+002;9,211429e-001
9,507742e+002;9,238056e-001
9,527027e+002;9,183759e-001
9,546313e+002;9,133949e-001
9,565598e+002;9,159151e-001
9,584883e+002;9,174610e-001
9,604169e+002;9,211836e-001
9,623455e+002;9,298993e-001
9,642740e+002;9,503672e-001
9,662026e+002;9,733388e-001
9,681311e+002;1,004538e+000
9,700596e+002;1,051260e+000
9,719882e+002;1,096431e+000
9,739167e+002;1,101303e+000
9,758453e+002;1,062349e+000
9,777739e+002;1,012593e+000
9,797024e+002;9,773276e-001
9,816309e+002;9,604845e-001
9,835595e+002;9,550307e-001
9,854880e+002;9,457288e-001
9,874166e+002;9,384457e-001
9,893452e+002;9,388289e-001
9,912737e+002;9,397495e-001
9,932022e+002;9,592716e-001
9,951307e+002;9,949774e-001
9,970593e+002;1,028505e+000
9,989879e+002;1,026417e+000
1,000916e+003;9,947605e-001
1,002845e+003;9,766169e-001
1,004773e+003;9,702101e-001
1,006702e+003;9,536328e-001
1,008631e+003;9,288561e-001
1,010559e+003;9,236888e-001
1,012488e+003;9,298308e-001
1,014416e+003;9,242892e-001
1,016345e+003;9,129428e-001
1,018273e+003;9,081690e-001
1,020202e+003;9,038708e-001
1,022130e+003;9,041948e-001
1,024059e+003;9,078843e-001
1,025988e+003;9,064412e-001
1,027916e+003;8,988519e-001
1,029845e+003;8,900228e-001
1,031773e+003;8,861818e-001
1,033702e+003;8,864320e-001
1,035630e+003;8,902850e-001
1,037559e+003;8,990136e-001
1,039487e+003;9,062250e-001
1,041416e+003;9,127275e-001
1,043344e+003;9,245164e-001
1,045273e+003;9,281566e-001
1,047202e+003;9,212921e-001
1,049130e+003;9,148140e-001
1,051059e+003;9,077525e-001
1,052987e+003;9,058474e-001
1,054916e+003;8,993601e-001
1,056844e+003;8,991454e-001
1,058773e+003;9,093236e-001
1,060701e+003;9,186359e-001
1,062630e+003;9,238399e-001
1,064558e+003;9,239218e-001
1,066487e+003;9,195544e-001
1,068416e+003;9,205540e-001
1,070344e+003;9,274733e-001
1,072273e+003;9,366798e-001
1,074201e+003;9,454440e-001
1,076130e+003;9,460338e-001
1,078058e+003;9,393499e-001
1,079987e+003;9,402647e-001
1,081915e+003;9,393504e-001
1,083844e+003;9,324496e-001
1,085773e+003;9,235874e-001
1,087701e+003;9,171436e-001
1,089630e+003;9,139761e-001
1,091558e+003;9,092059e-001
1,093487e+003;9,060882e-001
1,095415e+003;9,065456e-001
1,097344e+003;9,054183e-001
1,099272e+003;9,088331e-001
1,101201e+003;9,236957e-001
1,103129e+003;9,278342e-001
1,105058e+003;9,199126e-001
1,106987e+003;9,205068e-001
1,108915e+003;9,192699e-001
1,110844e+003;9,129714e-001
1,112772e+003;9,123788e-001
1,114701e+003;9,207894e-001
1,116629e+003;9,199166e-001
1,118558e+003;9,131145e-001
1,120486e+003;9,091040e-001
1,122415e+003;9,150147e-001
1,124344e+003;9,225783e-001
1,126272e+003;9,282224e-001
1,128201e+003;9,240932e-001
1,130129e+003;9,203052e-001
1,132058e+003;9,219397e-001
1,133986e+003;9,168789e-001
1,135915e+003;9,176959e-001
1,137843e+003;9,260637e-001
1,139772e+003;9,227980e-001
1,141700e+003;9,175385e-001
1,143629e+003;9,248223e-001
1,145557e+003;9,322219e-001
1,147486e+003;9,397516e-001
1,149415e+003;9,517725e-001
1,151343e+003;9,536604e-001
1,153272e+003;9,530671e-001
1,155200e+003;9,513034e-001
1,157129e+003;9,491782e-001
1,159057e+003;9,549431e-001
1,160986e+003;9,695107e-001
1,162914e+003;9,918094e-001
1,164843e+003;1,003649e+000
1,166771e+003;1,001145e+000
1,168700e+003;9,882920e-001
1,170629e+003;9,714723e-001
1,172557e+003;9,504695e-001
1,174486e+003;9,268029e-001
1,176414e+003;9,073672e-001
1,178343e+003;8,955065e-001
1,180271e+003;8,912855e-001
1,182200e+003;8,903460e-001
1,184128e+003;8,925841e-001
1,186057e+003;8,937891e-001
1,187986e+003;8,924719e-001
1,189914e+003;8,904651e-001
1,191843e+003;8,920180e-001
1,193771e+003;8,985146e-001
1,195700e+003;9,069418e-001
1,197628e+003;9,153562e-001
1,199557e+003;9,241977e-001
1,201485e+003;9,320709e-001
1,203414e+003;9,443796e-001
1,205343e+003;9,498518e-001
1,207271e+003;9,536588e-001
1,209200e+003;9,626185e-001
1,211128e+003;9,690347e-001
1,213057e+003;9,751579e-001
1,214985e+003;9,903296e-001
1,216914e+003;1,014532e+000
1,218842e+003;1,034579e+000
1,220771e+003;1,040535e+000
1,222699e+003;1,037442e+000
1,224628e+003;1,032780e+000
1,226557e+003;1,024213e+000
1,228485e+003;1,012864e+000
1,230414e+003;1,005046e+000
1,232342e+003;1,004529e+000
1,234271e+003;1,005256e+000
1,236199e+003;9,946701e-001
1,238128e+003;9,893029e-001
1,240056e+003;9,892830e-001
1,241985e+003;9,869301e-001
1,243913e+003;9,793944e-001
1,245842e+003;9,798154e-001
1,247771e+003;9,862457e-001
1,249699e+003;9,894147e-001
1,251628e+003;9,896030e-001
1,253556e+003;9,938480e-001
1,255485e+003;1,000776e+000
1,257413e+003;9,987532e-001
1,259342e+003;9,934701e-001
1,261270e+003;9,837285e-001
1,263199e+003;9,732162e-001
1,265127e+003;9,715284e-001
1,267056e+003;9,703729e-001
1,268985e+003;9,712920e-001
1,270913e+003;9,759176e-001
1,272842e+003;9,774826e-001
1,274770e+003;9,759372e-001
1,276699e+003;9,782962e-001
1,278627e+003;9,813094e-001
1,280556e+003;9,813786e-001
1,282484e+003;9,821631e-001
1,284413e+003;9,848710e-001
1,286342e+003;9,882178e-001
1,288270e+003;9,889295e-001
1,290199e+003;9,920429e-001
1,292127e+003;9,927337e-001
1,294056e+003;9,940980e-001
1,295984e+003;9,951659e-001
1,297913e+003;9,980317e-001
1,299841e+003;1,009580e+000
1,301770e+003;1,022602e+000
1,303698e+003;1,025186e+000
1,305627e+003;1,011492e+000
1,307556e+003;9,893427e-001
1,309484e+003;9,750585e-001
1,311413e+003;9,699696e-001
1,313341e+003;9,704151e-001
1,315270e+003;9,672740e-001
1,317198e+003;9,580482e-001
1,319127e+003;9,534858e-001
1,321055e+003;9,537730e-001
1,322984e+003;9,527720e-001
1,324912e+003;9,474308e-001
1,326841e+003;9,442925e-001
1,328770e+003;9,427036e-001
1,330698e+003;9,335202e-001
1,332627e+003;9,272731e-001
1,334555e+003;9,271263e-001
1,336484e+003;9,258500e-001
1,338412e+003;9,237794e-001
1,340341e+003;9,168921e-001
1,342269e+003;9,141316e-001
1,344198e+003;9,165456e-001
1,346126e+003;9,213327e-001
1,348055e+003;9,294353e-001
1,349984e+003;9,337437e-001
1,351912e+003;9,443461e-001
1,353841e+003;9,626237e-001
1,355769e+003;9,861601e-001
1,357698e+003;1,011049e+000
1,359626e+003;1,018618e+000
1,361555e+003;1,004174e+000
1,363483e+003;9,793561e-001
1,365412e+003;9,762906e-001
1,367341e+003;9,931110e-001
1,369269e+003;1,031911e+000
1,371198e+003;1,101180e+000
1,373126e+003;1,201663e+000
1,375055e+003;1,340390e+000
1,376983e+003;1,414153e+000
1,378912e+003;1,389720e+000
1,380840e+003;1,285550e+000
1,382769e+003;1,165723e+000
1,384698e+003;1,076017e+000
1,386626e+003;1,008859e+000
1,388555e+003;9,485688e-001
1,390483e+003;9,280764e-001
1,392412e+003;9,251858e-001
1,394340e+003;9,115263e-001
1,396269e+003;8,937773e-001
1,398197e+003;8,883575e-001
1,400126e+003;8,777400e-001
1,402054e+003;8,805438e-001
1,403983e+003;8,817688e-001
1,405911e+003;8,786771e-001
1,407840e+003;8,864745e-001
1,409769e+003;8,996411e-001
1,411697e+003;9,078245e-001
1,413626e+003;9,099980e-001
1,415554e+003;9,089679e-001
1,417483e+003;9,001377e-001
1,419411e+003;8,692365e-001
1,421340e+003;8,603057e-001
1,423268e+003;8,628993e-001
1,425197e+003;8,666450e-001
1,427125e+003;8,798643e-001
1,429054e+003;8,896798e-001
1,430983e+003;9,043019e-001
1,432911e+003;9,376944e-001
1,434840e+003;9,793601e-001
1,436768e+003;1,001774e+000
1,438697e+003;1,004730e+000
1,440625e+003;1,016579e+000
1,442554e+003;1,036977e+000
1,444482e+003;1,075807e+000
1,446411e+003;1,129554e+000
1,448340e+003;1,208873e+000
1,450268e+003;1,274408e+000
1,452197e+003;1,309613e+000
1,454125e+003;1,332274e+000
1,456054e+003;1,352980e+000
1,457982e+003;1,341360e+000
1,459911e+003;1,325440e+000
1,461839e+003;1,316273e+000
1,463768e+003;1,292384e+000
1,465697e+003;1,215139e+000
1,467625e+003;1,156073e+000
1,469554e+003;1,112441e+000
1,471482e+003;1,060862e+000
1,473411e+003;9,706121e-001
1,475339e+003;9,329448e-001
1,477268e+003;9,047332e-001
1,479196e+003;8,926919e-001
1,481125e+003;8,797792e-001
1,483053e+003;8,669537e-001
1,484982e+003;8,628737e-001
1,486911e+003;8,573310e-001
1,488839e+003;8,484617e-001
1,490768e+003;8,353209e-001
1,492696e+003;8,394132e-001
1,494625e+003;8,468206e-001
1,496553e+003;8,418365e-001
1,498482e+003;8,402906e-001
1,500410e+003;8,454118e-001
1,502339e+003;8,546138e-001
1,504267e+003;8,706558e-001
1,506196e+003;8,806132e-001
1,508125e+003;8,604283e-001
1,510053e+003;8,805797e-001
1,511982e+003;8,955827e-001
1,513910e+003;9,086194e-001
1,515839e+003;9,085892e-001
1,517767e+003;9,095713e-001
1,519696e+003;9,353124e-001
1,521624e+003;9,349351e-001
1,523553e+003;9,311718e-001
1,525481e+003;9,347004e-001
1,527410e+003;9,373102e-001
1,529339e+003;9,557141e-001
1,531267e+003;9,747343e-001
1,533196e+003;9,720485e-001
1,535124e+003;9,668763e-001
1,537053e+003;9,857996e-001
1,538981e+003;9,839665e-001
1,540910e+003;9,239497e-001
1,542838e+003;9,121505e-001
1,544767e+003;8,951502e-001
1,546695e+003;8,870996e-001
1,548624e+003;8,868877e-001
1,550553e+003;8,655915e-001
1,552481e+003;8,619225e-001
1,554410e+003;8,528735e-001
1,556338e+003;8,528161e-001
1,558267e+003;8,558783e-001
1,560195e+003;8,033786e-001
1,562124e+003;8,199444e-001
1,564052e+003;8,287499e-001
1,565981e+003;8,287195e-001
1,567910e+003;8,367447e-001
1,569838e+003;8,256152e-001
1,571767e+003;8,222310e-001
1,573695e+003;8,381888e-001
1,575624e+003;8,414402e-001
1,577552e+003;8,242804e-001
1,579481e+003;8,302800e-001
1,581409e+003;8,352267e-001
1,583338e+003;8,391700e-001
1,585266e+003;8,484960e-001
1,587195e+003;8,587946e-001
1,589124e+003;8,646218e-001
1,591052e+003;8,711764e-001
1,592981e+003;8,800622e-001
1,594909e+003;8,885174e-001
1,596838e+003;8,949730e-001
1,598766e+003;8,958721e-001
1,600695e+003;8,912987e-001
1,602623e+003;8,828775e-001
1,604552e+003;8,771714e-001
1,606480e+003;8,748870e-001
1,608409e+003;8,681745e-001
1,610338e+003;8,616245e-001
1,612266e+003;8,677419e-001
1,614195e+003;8,781720e-001
1,616123e+003;8,693292e-001
1,618052e+003;8,471352e-001
1,619980e+003;8,513808e-001
1,621909e+003;8,542454e-001
1,623837e+003;8,429335e-001
1,625766e+003;8,484582e-001
1,627694e+003;8,486004e-001
1,629623e+003;8,438924e-001
1,631552e+003;8,516186e-001
1,633480e+003;8,588304e-001
1,635409e+003;8,456002e-001
1,637337e+003;8,270708e-001
1,639266e+003;8,385321e-001
1,641194e+003;8,434967e-001
1,643123e+003;8,522318e-001
1,645051e+003;8,679183e-001
1,646980e+003;8,520927e-001
1,648909e+003;8,407861e-001
1,650837e+003;8,626135e-001
1,652766e+003;8,474762e-001
1,654694e+003;8,110641e-001
1,656623e+003;8,342905e-001
1,658551e+003;8,475128e-001
1,660480e+003;8,537369e-001
1,662408e+003;8,441041e-001
1,664337e+003;8,360406e-001
1,666266e+003;8,482514e-001
1,668194e+003;8,528399e-001
1,670123e+003;8,378668e-001
1,672051e+003;8,413066e-001
1,673980e+003;8,502312e-001
1,675908e+003;8,375663e-001
1,677837e+003;8,462043e-001
1,679765e+003;8,577847e-001
1,681694e+003;8,651624e-001
1,683622e+003;8,590258e-001
1,685551e+003;8,315545e-001
1,687479e+003;8,445250e-001
1,689408e+003;8,473206e-001
1,691337e+003;8,511488e-001
1,693265e+003;8,656093e-001
1,695194e+003;8,724003e-001
1,697122e+003;8,690160e-001
1,699051e+003;8,772702e-001
1,700979e+003;8,659017e-001
1,702908e+003;8,825892e-001
1,704836e+003;8,920139e-001
1,706765e+003;8,840829e-001
1,708693e+003;8,916507e-001
1,710622e+003;9,009676e-001
1,712551e+003;9,123627e-001
1,714479e+003;9,212681e-001
1,716408e+003;9,166996e-001
1,718336e+003;8,950319e-001
1,720265e+003;9,079924e-001
1,722193e+003;9,252358e-001
1,724122e+003;9,326578e-001
1,726050e+003;9,384543e-001
1,727979e+003;9,441604e-001
1,729908e+003;9,442006e-001
1,731836e+003;9,548589e-001
1,733765e+003;9,426818e-001
1,735693e+003;9,221726e-001
1,737622e+003;9,329020e-001
1,739550e+003;9,168181e-001
1,741479e+003;9,026461e-001
1,743407e+003;8,939458e-001
1,745336e+003;8,792849e-001
1,747265e+003;8,683084e-001
1,749193e+003;8,492094e-001
1,751122e+003;8,241187e-001
1,753050e+003;8,153507e-001
1,754979e+003;8,213195e-001
1,756907e+003;8,144748e-001
1,758836e+003;8,124462e-001
1,760764e+003;8,100872e-001
1,762693e+003;7,924616e-001
1,764621e+003;7,943594e-001
1,766550e+003;8,011371e-001
1,768479e+003;7,983496e-001
1,770407e+003;8,020307e-001
1,772336e+003;7,846811e-001
1,774264e+003;7,750380e-001
1,776193e+003;7,826991e-001
1,778121e+003;7,865024e-001
1,780050e+003;7,822277e-001
1,781978e+003;7,788906e-001
1,783907e+003;7,817805e-001
1,785835e+003;7,797565e-001
1,787764e+003;7,837742e-001
1,789693e+003;7,887639e-001
1,791621e+003;7,782878e-001
1,793550e+003;7,676525e-001
1,795478e+003;7,749344e-001
1,797407e+003;7,819415e-001
1,799335e+003;7,842499e-001
1,801264e+003;7,753357e-001
1,803192e+003;7,715856e-001
1,805121e+003;7,750539e-001
1,807049e+003;7,782089e-001
1,808978e+003;7,765973e-001
1,810907e+003;7,716806e-001
1,812835e+003;7,686948e-001
1,814764e+003;7,728868e-001
1,816692e+003;7,744036e-001
1,818621e+003;7,749327e-001
1,820549e+003;7,770807e-001
1,822478e+003;7,803007e-001
1,824406e+003;7,790832e-001
1,826335e+003;7,768435e-001
1,828264e+003;7,837194e-001
1,830192e+003;7,748231e-001
1,832121e+003;7,699118e-001
1,834049e+003;7,747902e-001
1,835978e+003;7,773299e-001
1,837906e+003;7,756271e-001
1,839835e+003;7,769835e-001
1,841763e+003;7,849035e-001
1,843692e+003;7,812168e-001
1,845620e+003;7,737947e-001
1,847549e+003;7,772109e-001
1,849478e+003;7,791629e-001
1,851406e+003;7,816793e-001
1,853335e+003;7,804921e-001
1,855263e+003;7,805532e-001
1,857192e+003;7,824444e-001
1,859120e+003;7,843466e-001
1,861049e+003;7,842622e-001
1,862977e+003;7,844372e-001
1,864906e+003;7,881694e-001
1,866834e+003;7,921757e-001
1,868763e+003;7,852510e-001
1,870692e+003;7,792302e-001
1,872620e+003;7,850725e-001
1,874549e+003;7,887539e-001
1,876477e+003;7,878247e-001
1,878406e+003;7,880126e-001
1,880334e+003;7,912012e-001
1,882263e+003;7,924181e-001
1,884191e+003;7,925393e-001
1,886120e+003;7,960991e-001
1,888048e+003;7,999746e-001
1,889977e+003;7,946365e-001
1,891906e+003;7,959716e-001
1,893834e+003;8,007099e-001
1,895763e+003;7,989436e-001
1,897691e+003;7,984539e-001
1,899620e+003;7,976345e-001
1,901548e+003;8,001195e-001
1,903477e+003;8,036320e-001
1,905405e+003;8,043557e-001
1,907334e+003;8,043151e-001
1,909262e+003;8,037497e-001
1,911191e+003;8,037781e-001
1,913120e+003;8,043540e-001
1,915048e+003;8,079505e-001
1,916977e+003;8,118848e-001
1,918905e+003;8,068955e-001
1,920834e+003;8,096014e-001
1,922762e+003;8,081985e-001
1,924691e+003;8,053704e-001
1,926619e+003;8,071756e-001
1,928548e+003;8,084120e-001
1,930477e+003;8,108094e-001
1,932405e+003;8,122467e-001
1,934334e+003;8,123104e-001
1,936262e+003;8,109598e-001
1,938191e+003;8,118191e-001
1,940119e+003;8,186438e-001
1,942048e+003;8,187342e-001
1,943976e+003;8,127599e-001
1,945905e+003;8,112181e-001
1,947833e+003;8,108170e-001
1,949762e+003;8,131982e-001
1,951691e+003;8,135122e-001
1,953619e+003;8,139424e-001
1,955548e+003;8,133535e-001
1,957476e+003;8,149452e-001
1,959405e+003;8,152121e-001
1,961333e+003;8,128734e-001
1,963262e+003;8,144718e-001
1,965190e+003;8,197125e-001
1,967119e+003;8,176293e-001
1,969047e+003;8,135712e-001
1,970976e+003;8,144239e-001
1,972905e+003;8,151224e-001
1,974833e+003;8,150377e-001
1,976762e+003;8,165866e-001
1,978690e+003;8,167330e-001
1,980619e+003;8,128027e-001
1,982547e+003;8,108384e-001
1,984476e+003;8,115149e-001
1,986404e+003;8,121270e-001
1,988333e+003;8,124514e-001
1,990261e+003;8,127022e-001
1,992190e+003;8,111071e-001
1,994119e+003;8,097062e-001
1,996047e+003;8,095866e-001
1,997976e+003;8,090650e-001
1,999904e+003;8,088805e-001
2,001833e+003;8,075477e-001
2,003761e+003;8,056897e-001
2,005690e+003;8,044267e-001
2,007618e+003;8,038216e-001
2,009547e+003;8,030599e-001
2,011476e+003;8,049988e-001
2,013404e+003;8,053058e-001
2,015333e+003;8,054233e-001
2,017261e+003;8,025943e-001
2,019190e+003;8,001844e-001
2,021118e+003;8,013731e-001
2,023047e+003;8,005312e-001
2,024975e+003;7,981238e-001
2,026904e+003;7,972928e-001
2,028833e+003;7,964081e-001
2,030761e+003;7,973828e-001
2,032690e+003;7,972725e-001
2,034618e+003;7,967208e-001
2,036547e+003;7,970629e-001
2,038475e+003;7,967325e-001
2,040404e+003;7,940224e-001
2,042332e+003;7,903449e-001
2,044261e+003;7,892883e-001
2,046189e+003;7,907321e-001
2,048118e+003;7,912505e-001
2,050047e+003;7,907718e-001
2,051975e+003;7,890525e-001
2,053904e+003;7,888882e-001
2,055832e+003;7,887543e-001
2,057761e+003;7,877355e-001
2,059689e+003;7,876552e-001
2,061618e+003;7,884361e-001
2,063546e+003;7,873361e-001
2,065475e+003;7,839017e-001
2,067404e+003;7,813426e-001
2,069332e+003;7,821298e-001
2,071260e+003;7,817252e-001
2,073189e+003;7,811332e-001
2,075118e+003;7,818408e-001
2,077046e+003;7,808427e-001
2,078975e+003;7,800528e-001
2,080903e+003;7,799073e-001
2,082832e+003;7,786022e-001
2,084760e+003;7,784812e-001
2,086689e+003;7,792732e-001
2,088617e+003;7,787132e-001
2,090546e+003;7,780868e-001
2,092475e+003;7,779790e-001
2,094403e+003;7,775372e-001
2,096332e+003;7,774079e-001
2,098260e+003;7,777887e-001
2,100189e+003;7,781756e-001
2,102117e+003;7,768424e-001
2,104046e+003;7,750237e-001
2,105974e+003;7,755120e-001
2,107903e+003;7,755625e-001
2,109832e+003;7,754512e-001
2,111760e+003;7,767262e-001
2,113688e+003;7,772437e-001
2,115617e+003;7,763238e-001
2,117546e+003;7,749606e-001
2,119474e+003;7,741358e-001
2,121403e+003;7,743265e-001
2,123331e+003;7,750502e-001
2,125260e+003;7,757624e-001
2,127188e+003;7,766189e-001
2,129117e+003;7,784706e-001
2,131045e+003;7,789345e-001
2,132974e+003;7,764243e-001
2,134903e+003;7,766160e-001
2,136831e+003;7,793891e-001
2,138760e+003;7,807032e-001
2,140688e+003;7,781008e-001
2,142617e+003;7,770719e-001
2,144545e+003;7,779095e-001
2,146474e+003;7,789906e-001
2,148402e+003;7,805822e-001
2,150331e+003;7,812969e-001
2,152260e+003;7,814748e-001
2,154188e+003;7,809857e-001
2,156117e+003;7,794725e-001
2,158045e+003;7,808706e-001
2,159974e+003;7,812613e-001
2,161902e+003;7,810466e-001
2,163831e+003;7,818189e-001
2,165759e+003;7,828671e-001
2,167688e+003;7,845553e-001
2,169616e+003;7,844797e-001
2,171545e+003;7,837219e-001
2,173474e+003;7,831712e-001
2,175402e+003;7,847438e-001
2,177331e+003;7,878540e-001
2,179259e+003;7,890172e-001
2,181188e+003;7,891397e-001
2,183116e+003;7,910735e-001
2,185045e+003;7,919846e-001
2,186973e+003;7,896870e-001
2,188902e+003;7,885404e-001
2,190831e+003;7,891724e-001
2,192759e+003;7,906795e-001
2,194688e+003;7,942271e-001
2,196616e+003;7,958875e-001
2,198545e+003;7,939647e-001
2,200473e+003;7,931775e-001
2,202402e+003;7,940369e-001
2,204330e+003;7,956945e-001
2,206259e+003;7,966793e-001
2,208188e+003;7,974305e-001
2,210116e+003;7,995668e-001
2,212044e+003;8,006039e-001
2,213973e+003;7,991345e-001
2,215902e+003;7,977193e-001
2,217830e+003;7,994914e-001
2,219759e+003;8,027356e-001
2,221687e+003;8,034204e-001
2,223616e+003;8,046156e-001
2,225544e+003;8,064191e-001
2,227473e+003;8,065514e-001
2,229401e+003;8,062102e-001
2,231330e+003;8,077756e-001
2,233259e+003;8,075328e-001
2,235187e+003;8,056129e-001
2,237116e+003;8,059960e-001
2,239044e+003;8,081253e-001
2,240973e+003;8,077555e-001
2,242901e+003;8,067203e-001
2,244830e+003;8,080478e-001
2,246758e+003;8,101525e-001
2,248687e+003;8,122278e-001
2,250615e+003;8,146832e-001
2,252544e+003;8,171464e-001
2,254473e+003;8,156411e-001
2,256401e+003;8,128662e-001
2,258330e+003;8,142532e-001
2,260258e+003;8,162516e-001
2,262187e+003;8,165812e-001
2,264115e+003;8,137727e-001
2,266044e+003;8,130162e-001
2,267972e+003;8,169593e-001
2,269901e+003;8,195683e-001
2,271830e+003;8,183659e-001
2,273758e+003;8,182629e-001
2,275687e+003;8,173437e-001
2,277615e+003;8,161111e-001
2,279544e+003;8,160439e-001
2,281472e+003;8,157963e-001
2,283401e+003;8,156144e-001
2,285329e+003;8,156381e-001
2,287258e+003;8,169487e-001
2,289187e+003;8,160406e-001
2,291115e+003;8,141531e-001
2,293043e+003;8,141769e-001
2,294972e+003;8,157380e-001
2,296901e+003;8,165751e-001
2,298829e+003;8,164473e-001
2,300758e+003;8,154179e-001
2,302686e+003;8,164311e-001
2,304615e+003;8,187552e-001
2,306543e+003;8,177145e-001
2,308472e+003;8,149790e-001
2,310400e+003;8,148890e-001
2,312329e+003;8,150070e-001
2,314258e+003;8,132734e-001
2,316186e+003;8,127960e-001
2,318115e+003;8,123299e-001
2,320043e+003;8,121960e-001
2,321972e+003;8,116282e-001
2,323900e+003;8,154800e-001
2,325829e+003;8,181198e-001
2,327757e+003;8,153515e-001
2,329686e+003;8,151430e-001
2,331615e+003;8,127822e-001
2,333543e+003;8,091896e-001
2,335472e+003;8,121468e-001
2,337400e+003;8,157566e-001
2,339329e+003;8,139241e-001
2,341257e+003;8,058789e-001
2,343186e+003;7,986402e-001
2,345114e+003;7,938911e-001
2,347043e+003;7,974145e-001
2,348971e+003;8,122207e-001
2,350900e+003;8,167146e-001
2,352829e+003;8,089038e-001
2,354757e+003;8,043327e-001
2,356686e+003;7,898877e-001
2,358614e+003;7,900941e-001
2,360543e+003;8,040653e-001
2,362471e+003;8,014325e-001
2,364400e+003;7,922394e-001
2,366328e+003;7,889491e-001
2,368257e+003;7,904983e-001
2,370186e+003;7,910785e-001
2,372114e+003;7,900939e-001
2,374042e+003;7,924024e-001
2,375971e+003;7,949089e-001
2,377900e+003;7,933617e-001
2,379828e+003;7,918637e-001
2,381757e+003;7,940938e-001
2,383685e+003;7,951742e-001
2,385614e+003;7,952349e-001
2,387542e+003;7,935846e-001
2,389471e+003;7,916843e-001
2,391399e+003;7,921373e-001
2,393328e+003;7,930251e-001
2,395257e+003;7,930056e-001
2,397185e+003;7,938057e-001
2,399114e+003;7,948633e-001
2,401042e+003;7,940528e-001
2,402971e+003;7,927334e-001
2,404899e+003;7,907028e-001
2,406828e+003;7,893739e-001
2,408756e+003;7,883904e-001
2,410685e+003;7,881255e-001
2,412614e+003;7,885828e-001
2,414542e+003;7,880633e-001
2,416471e+003;7,883006e-001
2,418399e+003;7,893586e-001
2,420328e+003;7,882538e-001
2,422256e+003;7,884960e-001
2,424185e+003;7,911759e-001
2,426113e+003;7,919737e-001
2,428042e+003;7,905873e-001
2,429970e+003;7,885891e-001
2,431899e+003;7,873906e-001
2,433828e+003;7,877599e-001
2,435756e+003;7,889243e-001
2,437685e+003;7,888232e-001
2,439613e+003;7,881421e-001
2,441542e+003;7,867581e-001
2,443470e+003;7,854285e-001
2,445399e+003;7,846807e-001
2,447327e+003;7,840258e-001
2,449256e+003;7,849356e-001
2,451185e+003;7,861993e-001
2,453113e+003;7,853004e-001
2,455042e+003;7,832401e-001
2,456970e+003;7,822611e-001
2,458899e+003;7,821369e-001
2,460827e+003;7,833957e-001
2,462756e+003;7,849609e-001
2,464684e+003;7,845530e-001
2,466613e+003;7,855261e-001
2,468542e+003;7,875902e-001
2,470470e+003;7,875694e-001
2,472398e+003;7,855435e-001
2,474327e+003;7,852398e-001
2,476256e+003;7,869135e-001
2,478184e+003;7,876648e-001
2,480113e+003;7,885513e-001
2,482041e+003;7,890255e-001
2,483970e+003;7,887245e-001
2,485898e+003;7,889652e-001
2,487827e+003;7,905151e-001
2,489755e+003;7,915261e-001
2,491684e+003;7,922075e-001
2,493613e+003;7,927937e-001
2,495541e+003;7,926478e-001
2,497470e+003;7,939444e-001
2,499398e+003;7,950534e-001
2,501327e+003;7,951948e-001
2,503255e+003;7,943640e-001
2,505184e+003;7,954693e-001
2,507112e+003;7,969212e-001
2,509041e+003;7,977374e-001
2,510969e+003;7,971894e-001
2,512898e+003;7,966955e-001
2,514827e+003;7,977980e-001
2,516755e+003;7,991182e-001
2,518684e+003;8,003986e-001
2,520612e+003;8,018854e-001
2,522541e+003;8,025959e-001
2,524469e+003;8,040351e-001
2,526398e+003;8,046178e-001
2,528326e+003;8,050615e-001
2,530255e+003;8,065756e-001
2,532184e+003;8,088599e-001
2,534112e+003;8,107408e-001
2,536041e+003;8,124450e-001
2,537969e+003;8,128808e-001
2,539898e+003;8,125783e-001
2,541826e+003;8,130007e-001
2,543755e+003;8,151559e-001
2,545683e+003;8,174489e-001
2,547612e+003;8,182115e-001
2,549541e+003;8,189319e-001
2,551469e+003;8,201478e-001
2,553397e+003;8,210350e-001
2,555326e+003;8,208122e-001
2,557255e+003;8,220951e-001
2,559183e+003;8,250740e-001
2,561112e+003;8,262090e-001
2,563040e+003;8,271210e-001
2,564969e+003;8,271229e-001
2,566897e+003;8,255089e-001
2,568826e+003;8,271307e-001
2,570754e+003;8,299654e-001
2,572683e+003;8,306898e-001
2,574612e+003;8,316947e-001
2,576540e+003;8,329064e-001
2,578469e+003;8,350240e-001
2,580397e+003;8,375461e-001
2,582326e+003;8,369451e-001
2,584254e+003;8,345984e-001
2,586183e+003;8,344156e-001
2,588111e+003;8,364316e-001
2,590040e+003;8,378925e-001
2,591969e+003;8,358640e-001
2,593897e+003;8,311933e-001
2,595826e+003;8,319845e-001
2,597754e+003;8,355183e-001
2,599683e+003;8,357713e-001
2,601611e+003;8,348622e-001
2,603540e+003;8,356408e-001
2,605468e+003;8,364895e-001
2,607397e+003;8,363974e-001
2,609325e+003;8,377153e-001
2,611254e+003;8,399056e-001
2,613183e+003;8,412831e-001
2,615111e+003;8,400098e-001
2,617040e+003;8,386570e-001
2,618968e+003;8,405545e-001
2,620897e+003;8,404847e-001
2,622825e+003;8,373941e-001
2,624754e+003;8,357087e-001
2,626682e+003;8,352684e-001
2,628611e+003;8,336610e-001
2,630540e+003;8,333640e-001
2,632468e+003;8,360105e-001
2,634396e+003;8,367047e-001
2,636325e+003;8,347213e-001
2,638254e+003;8,334171e-001
2,640182e+003;8,330010e-001
2,642111e+003;8,326536e-001
2,644039e+003;8,306955e-001
2,645968e+003;8,304437e-001
2,647896e+003;8,332396e-001
2,649825e+003;8,357474e-001
2,651753e+003;8,372782e-001
2,653682e+003;8,370885e-001
2,655611e+003;8,362309e-001
2,657539e+003;8,371757e-001
2,659468e+003;8,371543e-001
2,661396e+003;8,361471e-001
2,663325e+003;8,381835e-001
2,665253e+003;8,378590e-001
2,667182e+003;8,345753e-001
2,669110e+003;8,333377e-001
2,671039e+003;8,332718e-001
2,672968e+003;8,339311e-001
2,674896e+003;8,353242e-001
2,676825e+003;8,361436e-001
2,678753e+003;8,360281e-001
2,680682e+003;8,340290e-001
2,682610e+003;8,329122e-001
2,684539e+003;8,331279e-001
2,686467e+003;8,328734e-001
2,688396e+003;8,347851e-001
2,690324e+003;8,349997e-001
2,692253e+003;8,324842e-001
2,694182e+003;8,307493e-001
2,696110e+003;8,300985e-001
2,698039e+003;8,295740e-001
2,699967e+003;8,296617e-001
2,701896e+003;8,301098e-001
2,703824e+003;8,320056e-001
2,705753e+003;8,336797e-001
2,707681e+003;8,353968e-001
2,709610e+003;8,384698e-001
2,711539e+003;8,413803e-001
2,713467e+003;8,427211e-001
2,715396e+003;8,450153e-001
2,717324e+003;8,473932e-001
2,719253e+003;8,523629e-001
2,721181e+003;8,593717e-001
2,723110e+003;8,610407e-001
2,725038e+003;8,587747e-001
2,726967e+003;8,558976e-001
2,728896e+003;8,503330e-001
2,730824e+003;8,460943e-001
2,732752e+003;8,443340e-001
2,734681e+003;8,422581e-001
2,736610e+003;8,415748e-001
2,738538e+003;8,406838e-001
2,740467e+003;8,361324e-001
2,742395e+003;8,314211e-001
2,744324e+003;8,291692e-001
2,746252e+003;8,279828e-001
2,748181e+003;8,271050e-001
2,750109e+003;8,257990e-001
2,752038e+003;8,260583e-001
2,753967e+003;8,274038e-001
2,755895e+003;8,271171e-001
2,757824e+003;8,265004e-001
2,759752e+003;8,264762e-001
2,761681e+003;8,277918e-001
2,763609e+003;8,307043e-001
2,765538e+003;8,342867e-001
2,767466e+003;8,353318e-001
2,769395e+003;8,338995e-001
2,771323e+003;8,350759e-001
2,773252e+003;8,401746e-001
2,775181e+003;8,441954e-001
2,777109e+003;8,459900e-001
2,779038e+003;8,470020e-001
2,780966e+003;8,490771e-001
2,782895e+003;8,540484e-001
2,784823e+003;8,603752e-001
2,786752e+003;8,684471e-001
2,788680e+003;8,782030e-001
2,790609e+003;8,829654e-001
2,792538e+003;8,863907e-001
2,794466e+003;8,922048e-001
2,796395e+003;9,000022e-001
2,798323e+003;9,059731e-001
2,800252e+003;9,117066e-001
2,802180e+003;9,194291e-001
2,804109e+003;9,278119e-001
2,806037e+003;9,370980e-001
2,807966e+003;9,489567e-001
2,809895e+003;9,573554e-001
2,811823e+003;9,619927e-001
2,813751e+003;9,687027e-001
2,815680e+003;9,794074e-001
2,817609e+003;9,895527e-001
2,819537e+003;1,003219e+000
2,821466e+003;1,024239e+000
2,823394e+003;1,053495e+000
2,825323e+003;1,090083e+000
2,827251e+003;1,137846e+000
2,829180e+003;1,212750e+000
2,831108e+003;1,319320e+000
2,833037e+003;1,436911e+000
2,834966e+003;1,539596e+000
2,836894e+003;1,600532e+000
2,838823e+003;1,615767e+000
2,840751e+003;1,575005e+000
2,842680e+003;1,500378e+000
2,844608e+003;1,419892e+000
2,846537e+003;1,352628e+000
2,848465e+003;1,295411e+000
2,850394e+003;1,245581e+000
2,852323e+003;1,210443e+000
2,854251e+003;1,194237e+000
2,856180e+003;1,198440e+000
2,858108e+003;1,222890e+000
2,860037e+003;1,262513e+000
2,861965e+003;1,326346e+000
2,863894e+003;1,400416e+000
2,865822e+003;1,461956e+000
2,867751e+003;1,501732e+000
2,869679e+003;1,496156e+000
2,871608e+003;1,476986e+000
2,873536e+003;1,486218e+000
2,875465e+003;1,500874e+000
2,877394e+003;1,513917e+000
2,879322e+003;1,522727e+000
2,881251e+003;1,506690e+000
2,883179e+003;1,504698e+000
2,885108e+003;1,503267e+000
2,887036e+003;1,481739e+000
2,888965e+003;1,469448e+000
2,890893e+003;1,470526e+000
2,892822e+003;1,486380e+000
2,894750e+003;1,517890e+000
2,896679e+003;1,558497e+000
2,898608e+003;1,594118e+000
2,900536e+003;1,620082e+000
2,902465e+003;1,650281e+000
2,904393e+003;1,676962e+000
2,906322e+003;1,704234e+000
2,908250e+003;1,706810e+000
2,910179e+003;1,683804e+000
2,912107e+003;1,686933e+000
2,914036e+003;1,719851e+000
2,915965e+003;1,733761e+000
2,917893e+003;1,737418e+000
2,919822e+003;1,746097e+000
2,921750e+003;1,741749e+000
2,923679e+003;1,717275e+000
2,925607e+003;1,706580e+000
2,927536e+003;1,727092e+000
2,929464e+003;1,730054e+000
2,931393e+003;1,685604e+000
2,933322e+003;1,636590e+000
2,935250e+003;1,591878e+000
2,937178e+003;1,557876e+000
2,939107e+003;1,542428e+000
2,941036e+003;1,562099e+000
2,942964e+003;1,609787e+000
2,944893e+003;1,667179e+000
2,946821e+003;1,734065e+000
2,948750e+003;1,795872e+000
2,950678e+003;1,825528e+000
2,952607e+003;1,828604e+000
2,954535e+003;1,811722e+000
2,956464e+003;1,807303e+000
2,958393e+003;1,806721e+000
2,960321e+003;1,806669e+000
2,962250e+003;1,806928e+000
2,964178e+003;1,794135e+000
2,966107e+003;1,731709e+000
2,968035e+003;1,668792e+000
2,969964e+003;1,590520e+000
2,971892e+003;1,501495e+000
2,973821e+003;1,406129e+000
2,975750e+003;1,319630e+000
2,977678e+003;1,245131e+000
2,979607e+003;1,177832e+000
2,981535e+003;1,127776e+000
2,983464e+003;1,081364e+000
2,985392e+003;1,039290e+000
2,987321e+003;1,004926e+000
2,989249e+003;9,786159e-001
2,991178e+003;9,616509e-001
2,993106e+003;9,486198e-001
2,995035e+003;9,334808e-001
2,996964e+003;9,205866e-001
2,998892e+003;9,091159e-001
3,000821e+003;8,965363e-001
3,002749e+003;8,880712e-001
3,004678e+003;8,825393e-001
3,006606e+003;8,798233e-001
3,008535e+003;8,767883e-001
3,010463e+003;8,713251e-001
3,012392e+003;8,666602e-001
3,014321e+003;8,623416e-001
3,016249e+003;8,577068e-001
3,018177e+003;8,532797e-001
3,020106e+003;8,532467e-001
3,022035e+003;8,515921e-001
3,023963e+003;8,497679e-001
3,025892e+003;8,482783e-001
3,027820e+003;8,468118e-001
3,029749e+003;8,462181e-001
3,031677e+003;8,430120e-001
3,033606e+003;8,393447e-001
3,035534e+003;8,381689e-001
3,037463e+003;8,357912e-001
3,039392e+003;8,365391e-001
3,041320e+003;8,396325e-001
3,043249e+003;8,365703e-001
3,045177e+003;8,322420e-001
3,047106e+003;8,332365e-001
3,049034e+003;8,334599e-001
3,050963e+003;8,344149e-001
3,052891e+003;8,330941e-001
3,054820e+003;8,297280e-001
3,056749e+003;8,278784e-001
3,058677e+003;8,268977e-001
3,060606e+003;8,262967e-001
3,062534e+003;8,265790e-001
3,064463e+003;8,274282e-001
3,066391e+003;8,255445e-001
3,068320e+003;8,225709e-001
3,070248e+003;8,229694e-001
3,072177e+003;8,222784e-001
3,074105e+003;8,198649e-001
3,076034e+003;8,173242e-001
3,077963e+003;8,150578e-001
3,079891e+003;8,151711e-001
3,081820e+003;8,157097e-001
3,083748e+003;8,138229e-001
3,085677e+003;8,119761e-001
3,087605e+003;8,127677e-001
3,089534e+003;8,141805e-001
3,091462e+003;8,143511e-001
3,093391e+003;8,165344e-001
3,095320e+003;8,150949e-001
3,097248e+003;8,144171e-001
3,099177e+003;8,179408e-001
3,101105e+003;8,160602e-001
3,103034e+003;8,111525e-001
3,104962e+003;8,121487e-001
3,106891e+003;8,131906e-001
3,108819e+003;8,139725e-001
3,110748e+003;8,131754e-001
3,112677e+003;8,154706e-001
3,114605e+003;8,162456e-001
3,116533e+003;8,125570e-001
3,118462e+003;8,115299e-001
3,120391e+003;8,137563e-001
3,122319e+003;8,167428e-001
3,124248e+003;8,185230e-001
3,126176e+003;8,177255e-001
3,128105e+003;8,153148e-001
3,130033e+003;8,145717e-001
3,131962e+003;8,169658e-001
3,133890e+003;8,170912e-001
3,135819e+003;8,163077e-001
3,137748e+003;8,167448e-001
3,139676e+003;8,167607e-001
3,141605e+003;8,177496e-001
3,143533e+003;8,164852e-001
3,145462e+003;8,162322e-001
3,147390e+003;8,186907e-001
3,149319e+003;8,191236e-001
3,151247e+003;8,173350e-001
3,153176e+003;8,155976e-001
3,155104e+003;8,128372e-001
3,157033e+003;8,113208e-001
3,158962e+003;8,112111e-001
3,160890e+003;8,087776e-001
3,162819e+003;8,078415e-001
3,164747e+003;8,143155e-001
3,166676e+003;8,196400e-001
3,168604e+003;8,189968e-001
3,170533e+003;8,182744e-001
3,172461e+003;8,196266e-001
3,174390e+003;8,187857e-001
3,176319e+003;8,179997e-001
3,178247e+003;8,173825e-001
3,180176e+003;8,183675e-001
3,182104e+003;8,179214e-001
3,184033e+003;8,186100e-001
3,185961e+003;8,196822e-001
3,187890e+003;8,193439e-001
3,189818e+003;8,202536e-001
3,191747e+003;8,209625e-001
3,193676e+003;8,214483e-001
3,195604e+003;8,212081e-001
3,197532e+003;8,184776e-001
3,199461e+003;8,183141e-001
3,201390e+003;8,186656e-001
3,203318e+003;8,190165e-001
3,205247e+003;8,212887e-001
3,207175e+003;8,222998e-001
3,209104e+003;8,229741e-001
3,211032e+003;8,210593e-001
3,212961e+003;8,173310e-001
3,214889e+003;8,154041e-001
3,216818e+003;8,172941e-001
3,218747e+003;8,181425e-001
3,220675e+003;8,171695e-001
3,222604e+003;8,169656e-001
3,224532e+003;8,176473e-001
3,226461e+003;8,189665e-001
3,228389e+003;8,157137e-001
3,230318e+003;8,111940e-001
3,232246e+003;8,130945e-001
3,234175e+003;8,159935e-001
3,236104e+003;8,199049e-001
3,238032e+003;8,197707e-001
3,239961e+003;8,170530e-001
3,241889e+003;8,167824e-001
3,243818e+003;8,164232e-001
3,245746e+003;8,180377e-001
3,247675e+003;8,199521e-001
3,249603e+003;8,204759e-001
3,251532e+003;8,213241e-001
3,253460e+003;8,223308e-001
3,255389e+003;8,204889e-001
3,257318e+003;8,191049e-001
3,259246e+003;8,177950e-001
3,261175e+003;8,186178e-001
3,263103e+003;8,205451e-001
3,265032e+003;8,227323e-001
3,266960e+003;8,229729e-001
3,268889e+003;8,251519e-001
3,270817e+003;8,296363e-001
3,272746e+003;8,305656e-001
3,274675e+003;8,276086e-001
3,276603e+003;8,248761e-001
3,278531e+003;8,234873e-001
3,280460e+003;8,241053e-001
3,282389e+003;8,244357e-001
3,284317e+003;8,242576e-001
3,286246e+003;8,239538e-001
3,288174e+003;8,245236e-001
3,290103e+003;8,293676e-001
3,292031e+003;8,306146e-001
3,293960e+003;8,294615e-001
3,295888e+003;8,301426e-001
3,297817e+003;8,304538e-001
3,299746e+003;8,306201e-001
3,301674e+003;8,318101e-001
3,303603e+003;8,307190e-001
3,305531e+003;8,310770e-001
3,307460e+003;8,332145e-001
3,309388e+003;8,308138e-001
3,311317e+003;8,282444e-001
3,313245e+003;8,280553e-001
3,315174e+003;8,308338e-001
3,317103e+003;8,327018e-001
3,319031e+003;8,310856e-001
3,320960e+003;8,292226e-001
3,322888e+003;8,311311e-001
3,324817e+003;8,324001e-001
3,326745e+003;8,289051e-001
3,328674e+003;8,238009e-001
3,330602e+003;8,256362e-001
3,332531e+003;8,317621e-001
3,334459e+003;8,350980e-001
3,336388e+003;8,327243e-001
3,338317e+003;8,291204e-001
3,340245e+003;8,280691e-001
3,342174e+003;8,270956e-001
3,344102e+003;8,267900e-001
3,346031e+003;8,258590e-001
3,347959e+003;8,277435e-001
3,349888e+003;8,315588e-001
3,351816e+003;8,280760e-001
3,353745e+003;8,218706e-001
3,355674e+003;8,206812e-001
3,357602e+003;8,228170e-001
3,359531e+003;8,273710e-001
3,361459e+003;8,275604e-001
3,363388e+003;8,258943e-001
3,365316e+003;8,262195e-001
3,367245e+003;8,220847e-001
3,369173e+003;8,171159e-001
3,371102e+003;8,158839e-001
3,373031e+003;8,164267e-001
3,374959e+003;8,152547e-001
3,376887e+003;8,119135e-001
3,378816e+003;8,102974e-001
3,380745e+003;8,106804e-001
3,382673e+003;8,113987e-001
3,384602e+003;8,098559e-001
3,386530e+003;8,078356e-001
3,388459e+003;8,085051e-001
3,390387e+003;8,100470e-001
3,392316e+003;8,091987e-001
3,394244e+003;8,086677e-001
3,396173e+003;8,078344e-001
3,398102e+003;8,034166e-001
3,400030e+003;8,045539e-001
3,401959e+003;8,078657e-001
3,403887e+003;8,095093e-001
3,405816e+003;8,086412e-001
3,407744e+003;8,089432e-001
3,409673e+003;8,078585e-001
3,411601e+003;8,079185e-001
3,413530e+003;8,082420e-001
3,415458e+003;8,047318e-001
3,417387e+003;8,031895e-001
3,419316e+003;8,043218e-001
3,421244e+003;8,001561e-001
3,423173e+003;7,965006e-001
3,425101e+003;7,988990e-001
3,427030e+003;7,999696e-001
3,428958e+003;7,999943e-001
3,430887e+003;8,007158e-001
3,432815e+003;8,001307e-001
3,434744e+003;7,993806e-001
3,436673e+003;8,006797e-001
3,438601e+003;8,010050e-001
3,440530e+003;8,022456e-001
3,442458e+003;7,996044e-001
3,444387e+003;7,964188e-001
3,446315e+003;7,971050e-001
3,448244e+003;7,927036e-001
3,450172e+003;7,920917e-001
3,452101e+003;7,906929e-001
3,454030e+003;7,912852e-001
3,455958e+003;7,935998e-001
3,457886e+003;7,951675e-001
3,459815e+003;7,979178e-001
3,461744e+003;7,970290e-001
3,463672e+003;7,965906e-001
3,465601e+003;7,985612e-001
3,467529e+003;7,953969e-001
3,469458e+003;7,924298e-001
3,471386e+003;7,912971e-001
3,473315e+003;7,914153e-001
3,475243e+003;7,902091e-001
3,477172e+003;7,928152e-001
3,479101e+003;7,962512e-001
3,481029e+003;7,941176e-001
3,482958e+003;7,900748e-001
3,484886e+003;7,941049e-001
3,486815e+003;7,952197e-001
3,488743e+003;7,930806e-001
3,490672e+003;7,933183e-001
3,492600e+003;7,940020e-001
3,494529e+003;7,931249e-001
3,496458e+003;7,917766e-001
3,498386e+003;7,957398e-001
3,500315e+003;8,019777e-001
3,502243e+003;8,012778e-001
3,504172e+003;7,904553e-001
3,506100e+003;7,895089e-001
3,508029e+003;7,945782e-001
3,509957e+003;7,911561e-001
3,511886e+003;7,913797e-001
3,513814e+003;7,901660e-001
3,515743e+003;7,894909e-001
3,517672e+003;7,915654e-001
3,519600e+003;7,893863e-001
3,521529e+003;7,942385e-001
3,523457e+003;7,984470e-001
3,525386e+003;7,997234e-001
3,527314e+003;7,923497e-001
3,529243e+003;7,846970e-001
3,531171e+003;7,889882e-001
3,533100e+003;7,931327e-001
3,535029e+003;7,947460e-001
3,536957e+003;7,907859e-001
3,538885e+003;7,918081e-001
3,540814e+003;7,945942e-001
3,542743e+003;7,990661e-001
3,544671e+003;7,976176e-001
3,546600e+003;7,867235e-001
3,548528e+003;7,841134e-001
3,550457e+003;7,947793e-001
3,552385e+003;7,939799e-001
3,554314e+003;7,892644e-001
3,556242e+003;7,947329e-001
3,558171e+003;7,998151e-001
3,560100e+003;7,995681e-001
3,562028e+003;8,021462e-001
3,563957e+003;8,105728e-001
3,565885e+003;8,037462e-001
3,567814e+003;7,717314e-001
3,569742e+003;7,764052e-001
3,571671e+003;7,920702e-001
3,573599e+003;7,980438e-001
3,575528e+003;7,924940e-001
3,577457e+003;7,911198e-001
3,579385e+003;7,956041e-001
3,581314e+003;7,983654e-001
3,583242e+003;8,023717e-001
3,585171e+003;8,149241e-001
3,587099e+003;8,014925e-001
3,589028e+003;7,742991e-001
3,590956e+003;7,893366e-001
3,592885e+003;8,011902e-001
3,594813e+003;7,924530e-001
3,596742e+003;7,885824e-001
3,598671e+003;7,929902e-001
3,600599e+003;7,902869e-001
3,602528e+003;7,885143e-001
3,604456e+003;8,000402e-001
3,606385e+003;8,097166e-001
3,608313e+003;7,938632e-001
3,610242e+003;7,892273e-001
3,612170e+003;8,000751e-001
3,614099e+003;7,859395e-001
3,616028e+003;7,932512e-001
3,617956e+003;8,024961e-001
3,619885e+003;7,811121e-001
3,621813e+003;7,805910e-001
3,623742e+003;7,968959e-001
3,625670e+003;8,129988e-001
3,627599e+003;8,203385e-001
3,629527e+003;7,692149e-001
3,631456e+003;7,733362e-001
3,633385e+003;7,871556e-001
3,635313e+003;7,846919e-001
3,637241e+003;7,872852e-001
3,639170e+003;7,917228e-001
3,641099e+003;8,013681e-001
3,643027e+003;8,053898e-001
3,644956e+003;8,214723e-001
3,646884e+003;8,318133e-001
3,648813e+003;7,894286e-001
3,650741e+003;7,449446e-001
3,652670e+003;7,705359e-001
3,654598e+003;7,979960e-001
3,656527e+003;7,784896e-001
3,658456e+003;7,759962e-001
3,660384e+003;7,894536e-001
3,662313e+003;7,931041e-001
3,664241e+003;7,972673e-001
3,666170e+003;8,097835e-001
3,668098e+003;8,283308e-001
3,670027e+003;8,027125e-001
3,671955e+003;7,892271e-001
3,673884e+003;8,190936e-001
3,675813e+003;7,783119e-001
3,677741e+003;7,719617e-001
3,679669e+003;7,819202e-001
3,681598e+003;7,861179e-001
3,683527e+003;7,974215e-001
3,685455e+003;8,121008e-001
3,687384e+003;8,250860e-001
3,689312e+003;7,927563e-001
3,691241e+003;7,670422e-001
3,693169e+003;7,804838e-001
3,695098e+003;7,931759e-001
3,697026e+003;7,895799e-001
3,698955e+003;7,982844e-001
3,700884e+003;8,015525e-001
3,702812e+003;7,846721e-001
3,704741e+003;7,872581e-001
3,706669e+003;8,016158e-001
3,708598e+003;8,148765e-001
3,710526e+003;8,005722e-001
3,712455e+003;7,730267e-001
3,714383e+003;7,753962e-001
3,716312e+003;7,902489e-001
3,718240e+003;7,995997e-001
3,720169e+003;8,001350e-001
3,722098e+003;7,941564e-001
3,724026e+003;7,877060e-001
3,725955e+003;7,786328e-001
3,727883e+003;7,736858e-001
3,729812e+003;7,977419e-001
3,731740e+003;8,070521e-001
3,733669e+003;7,943881e-001
3,735597e+003;7,593441e-001
3,737526e+003;7,583882e-001
3,739455e+003;7,864192e-001
3,741383e+003;8,086976e-001
3,743312e+003;8,269895e-001
3,745240e+003;7,789738e-001
3,747169e+003;7,877567e-001
3,749097e+003;8,080555e-001
3,751026e+003;7,727183e-001
3,752954e+003;7,566608e-001
3,754883e+003;7,850139e-001
3,756812e+003;8,012763e-001
3,758740e+003;7,916822e-001
3,760668e+003;7,779794e-001
3,762597e+003;7,912721e-001
3,764526e+003;7,966112e-001
3,766454e+003;7,848985e-001
3,768383e+003;7,900367e-001
3,770311e+003;7,745548e-001
3,772240e+003;7,769032e-001
3,774168e+003;7,887543e-001
3,776097e+003;7,948240e-001
3,778025e+003;7,993311e-001
3,779954e+003;7,806811e-001
3,781883e+003;7,813968e-001
3,783811e+003;7,912556e-001
3,785740e+003;7,844396e-001
3,787668e+003;7,835414e-001
3,789597e+003;7,863724e-001
3,791525e+003;7,882135e-001
3,793454e+003;7,990554e-001
3,795382e+003;8,075106e-001
3,797311e+003;7,935730e-001
3,799240e+003;8,075879e-001
3,801168e+003;7,939849e-001
3,803097e+003;7,642997e-001
3,805025e+003;7,939091e-001
3,806954e+003;7,867188e-001
3,808882e+003;7,763420e-001
3,810811e+003;7,879065e-001
3,812739e+003;7,979679e-001
3,814668e+003;8,098691e-001
3,816596e+003;7,850530e-001
3,818525e+003;7,983097e-001
3,820454e+003;7,971676e-001
3,822382e+003;7,576743e-001
3,824311e+003;7,853169e-001
3,826239e+003;7,954553e-001
3,828168e+003;7,884694e-001
3,830096e+003;7,968053e-001
3,832025e+003;7,955591e-001
3,833953e+003;8,013883e-001
3,835882e+003;8,058277e-001
3,837811e+003;7,962536e-001
3,839739e+003;7,782974e-001
3,841667e+003;7,783590e-001
3,843596e+003;7,767924e-001
3,845525e+003;7,774597e-001
3,847453e+003;7,936864e-001
3,849382e+003;8,156012e-001
3,851310e+003;8,461839e-001
3,853239e+003;7,939498e-001
3,855167e+003;7,527815e-001
3,857096e+003;7,760814e-001
3,859024e+003;7,952179e-001
3,860953e+003;8,092347e-001
3,862882e+003;8,044708e-001
3,864810e+003;7,852983e-001
3,866739e+003;7,950028e-001
3,868667e+003;8,204981e-001
3,870596e+003;7,899843e-001
3,872524e+003;8,008609e-001
3,874453e+003;7,926173e-001
3,876381e+003;7,899009e-001
3,878310e+003;8,141579e-001
3,880239e+003;8,068168e-001
3,882167e+003;7,924562e-001
3,884096e+003;8,053599e-001
3,886024e+003;7,820109e-001
3,887953e+003;7,919179e-001
3,889881e+003;8,109439e-001
3,891810e+003;7,920018e-001
3,893738e+003;7,908918e-001
3,895667e+003;8,076478e-001
3,897595e+003;8,143346e-001
3,899524e+003;7,998623e-001
3,901453e+003;7,906789e-001
3,903381e+003;7,840001e-001
3,905310e+003;7,712962e-001
3,907238e+003;7,832956e-001
3,909167e+003;7,970976e-001
3,911095e+003;7,976271e-001
3,913024e+003;8,023724e-001
3,914952e+003;8,113482e-001
3,916881e+003;7,994217e-001
3,918810e+003;7,915279e-001
3,920738e+003;7,959127e-001
3,922667e+003;8,060257e-001
3,924595e+003;8,021801e-001
3,926524e+003;7,979354e-001
3,928452e+003;8,021835e-001
3,930381e+003;7,991607e-001
3,932309e+003;7,929673e-001
3,934238e+003;7,893565e-001
3,936167e+003;7,946966e-001
3,938095e+003;8,005939e-001
3,940023e+003;8,059994e-001
3,941952e+003;8,015617e-001
3,943881e+003;7,893696e-001
3,945809e+003;7,978243e-001
3,947738e+003;8,007086e-001
3,949666e+003;7,917870e-001
3,951595e+003;7,954298e-001
3,953523e+003;8,005086e-001
3,955452e+003;8,049473e-001
3,957380e+003;8,007558e-001
3,959309e+003;7,991346e-001
3,961238e+003;8,002021e-001
3,963166e+003;7,969387e-001
3,965095e+003;8,027650e-001
3,967023e+003;8,065348e-001
3,968952e+003;8,024619e-001
3,970880e+003;7,999160e-001
3,972809e+003;8,022473e-001
3,974737e+003;8,075668e-001
3,976666e+003;8,074819e-001
3,978594e+003;8,043163e-001
3,980523e+003;8,056422e-001
3,982452e+003;8,058443e-001
3,984380e+003;8,057088e-001
3,986309e+003;8,049483e-001
3,988237e+003;8,067611e-001
3,990166e+003;8,036959e-001
3,992094e+003;8,014354e-001
3,994023e+003;8,030534e-001
3,995951e+003;8,040729e-001
3,997880e+003;8,033010e-001
3,999809e+003;8,037128e-001
4,001737e+003;0,000000e+000
