3,992094e+002;-6,779968e-003
4,011380e+002;1,402144e-001
4,030665e+002;1,949211e-001
4,049951e+002;2,358868e-001
4,069236e+002;3,195200e-001
4,088522e+002;2,151179e-001
4,107807e+002;2,006824e-001
4,127093e+002;2,697275e-001
4,146378e+002;2,773782e-001
4,165664e+002;2,314036e-001
4,184949e+002;3,721956e-001
4,204235e+002;3,276383e-001
4,223520e+002;2,541782e-001
4,242806e+002;2,110620e-001
4,262091e+002;1,906992e-001
4,281377e+002;2,069971e-001
4,300662e+002;2,447219e-001
4,319948e+002;2,734731e-001
4,339233e+002;2,561868e-001
4,358519e+002;1,933213e-001
4,377804e+002;1,652758e-001
4,397090e+002;1,906384e-001
4,416375e+002;2,358313e-001
4,435660e+002;2,197342e-001
4,454946e+002;2,145397e-001
4,474232e+002;2,655527e-001
4,493517e+002;2,665700e-001
4,512802e+002;2,466972e-001
4,532088e+002;2,524501e-001
4,551373e+002;2,663979e-001
4,570659e+002;2,652329e-001
4,589944e+002;2,801383e-001
4,609230e+002;2,771589e-001
4,628515e+002;2,972867e-001
4,647801e+002;2,925109e-001
4,667086e+002;2,739376e-001
4,686372e+002;2,750018e-001
4,705657e+002;2,628468e-001
4,724943e+002;2,239299e-001
4,744228e+002;2,023182e-001
4,763513e+002;2,082181e-001
4,782799e+002;2,163856e-001
4,802085e+002;2,239599e-001
4,821370e+002;2,434502e-001
4,840656e+002;2,397779e-001
4,859941e+002;2,336182e-001
4,879226e+002;2,470898e-001
4,898512e+002;2,401668e-001
4,917798e+002;2,326066e-001
4,937083e+002;2,313450e-001
4,956368e+002;2,365608e-001
4,975654e+002;2,233813e-001
4,994939e+002;2,481441e-001
5,014225e+002;2,292032e-001
5,033510e+002;2,170034e-001
5,052796e+002;2,201259e-001
5,072081e+002;2,275613e-001
5,091367e+002;2,357031e-001
5,110652e+002;2,306671e-001
5,129938e+002;2,224701e-001
5,149223e+002;2,264576e-001
5,168509e+002;2,392808e-001
5,187794e+002;2,691550e-001
5,207079e+002;2,779441e-001
5,226365e+002;2,667277e-001
5,245651e+002;2,662217e-001
5,264936e+002;2,660015e-001
5,284222e+002;2,697376e-001
5,303507e+002;2,944575e-001
5,322792e+002;3,147595e-001
5,342078e+002;3,291223e-001
5,361364e+002;3,302670e-001
5,380649e+002;3,483030e-001
5,399935e+002;3,506937e-001
5,419220e+002;3,252942e-001
5,438505e+002;3,334742e-001
5,457791e+002;3,458590e-001
5,477076e+002;3,354191e-001
5,496362e+002;3,191598e-001
5,515648e+002;3,173386e-001
5,534933e+002;3,253033e-001
5,554218e+002;3,208395e-001
5,573504e+002;2,935514e-001
5,592789e+002;2,813295e-001
5,612075e+002;2,859527e-001
5,631360e+002;2,887158e-001
5,650646e+002;2,804167e-001
5,669931e+002;2,747535e-001
5,689217e+002;2,746595e-001
5,708502e+002;2,723481e-001
5,727787e+002;2,715513e-001
5,747073e+002;2,679387e-001
5,766359e+002;2,561822e-001
5,785644e+002;2,501706e-001
5,804930e+002;2,517588e-001
5,824215e+002;2,578572e-001
5,843500e+002;2,620267e-001
5,862786e+002;2,581577e-001
5,882072e+002;2,523398e-001
5,901357e+002;2,456110e-001
5,920643e+002;2,400141e-001
5,939928e+002;2,428559e-001
5,959213e+002;2,528216e-001
5,978499e+002;2,577053e-001
5,997784e+002;2,568578e-001
6,017070e+002;2,532802e-001
6,036355e+002;2,490167e-001
6,055641e+002;2,415433e-001
6,074926e+002;2,416597e-001
6,094211e+002;2,491559e-001
6,113497e+002;2,523050e-001
6,132783e+002;2,538335e-001
6,152068e+002;2,627160e-001
6,171354e+002;2,669658e-001
6,190639e+002;2,559225e-001
6,209924e+002;2,497692e-001
6,229210e+002;2,580344e-001
6,248495e+002;2,605601e-001
6,267781e+002;2,478425e-001
6,287067e+002;2,477838e-001
6,306352e+002;2,540156e-001
6,325637e+002;2,583167e-001
6,344923e+002;2,557544e-001
6,364208e+002;2,465572e-001
6,383494e+002;2,418942e-001
6,402780e+002;2,431281e-001
6,422065e+002;2,510020e-001
6,441350e+002;2,559260e-001
6,460636e+002;2,529151e-001
6,479921e+002;2,448473e-001
6,499207e+002;2,380576e-001
6,518492e+002;2,387672e-001
6,537778e+002;2,468871e-001
6,557063e+002;2,524062e-001
6,576349e+002;2,526296e-001
6,595634e+002;2,476226e-001
6,614919e+002;2,492939e-001
6,634205e+002;2,526040e-001
6,653491e+002;2,549540e-001
6,672776e+002;2,573120e-001
6,692062e+002;2,624705e-001
6,711347e+002;2,641851e-001
6,730632e+002;2,699396e-001
6,749918e+002;2,736979e-001
6,769203e+002;2,765751e-001
6,788489e+002;2,799956e-001
6,807775e+002;2,792375e-001
6,827060e+002;2,833334e-001
6,846345e+002;2,934502e-001
6,865631e+002;3,159338e-001
6,884916e+002;3,456329e-001
6,904202e+002;3,929700e-001
6,923488e+002;4,981108e-001
6,942773e+002;6,978246e-001
6,962058e+002;9,549488e-001
6,981344e+002;1,113349e+000
7,000629e+002;1,099364e+000
7,019915e+002;9,836188e-001
7,039200e+002;7,819188e-001
7,058486e+002;5,688550e-001
7,077771e+002;4,105965e-001
7,097057e+002;3,118872e-001
7,116342e+002;2,635275e-001
7,135627e+002;2,423178e-001
7,154913e+002;2,298276e-001
7,174199e+002;2,292668e-001
7,193484e+002;2,316245e-001
7,212770e+002;2,243277e-001
7,232055e+002;2,231746e-001
7,251340e+002;2,294008e-001
7,270626e+002;2,352328e-001
7,289911e+002;2,423251e-001
7,309197e+002;2,467152e-001
7,328483e+002;2,521694e-001
7,347768e+002;2,628477e-001
7,367053e+002;2,762430e-001
7,386339e+002;2,931205e-001
7,405624e+002;3,137051e-001
7,424910e+002;3,449281e-001
7,444196e+002;3,849597e-001
7,463481e+002;4,206759e-001
7,482766e+002;4,404220e-001
7,502052e+002;4,470929e-001
7,521337e+002;4,525843e-001
7,540623e+002;4,599522e-001
7,559908e+002;4,740539e-001
7,579194e+002;4,750770e-001
7,598479e+002;4,586717e-001
7,617765e+002;4,371915e-001
7,637050e+002;4,182979e-001
7,656335e+002;3,968508e-001
7,675621e+002;3,711721e-001
7,694907e+002;3,440268e-001
7,714192e+002;3,194222e-001
7,733478e+002;3,026153e-001
7,752763e+002;2,830504e-001
7,772048e+002;2,611612e-001
7,791334e+002;2,453913e-001
7,810620e+002;2,374481e-001
7,829905e+002;2,296413e-001
7,849191e+002;2,220633e-001
7,868476e+002;2,161497e-001
7,887761e+002;2,106953e-001
7,907047e+002;2,075394e-001
7,926332e+002;2,042312e-001
7,945618e+002;2,034638e-001
7,964903e+002;2,038652e-001
7,984189e+002;1,991680e-001
8,003474e+002;1,928968e-001
8,022759e+002;1,936512e-001
8,042045e+002;2,000407e-001
8,061331e+002;2,037576e-001
8,080616e+002;2,026363e-001
8,099902e+002;2,002350e-001
8,119187e+002;1,957844e-001
8,138472e+002;1,947487e-001
8,157758e+002;1,991258e-001
8,177043e+002;2,011938e-001
8,196329e+002;2,014972e-001
8,215615e+002;1,997467e-001
8,234900e+002;1,979313e-001
8,254185e+002;1,998514e-001
8,273471e+002;2,024163e-001
8,292756e+002;2,035203e-001
8,312042e+002;2,013236e-001
8,331328e+002;1,993126e-001
8,350613e+002;2,038118e-001
8,369898e+002;2,091721e-001
8,389184e+002;2,128806e-001
8,408469e+002;2,185788e-001
8,427755e+002;2,218620e-001
8,447040e+002;2,182653e-001
8,466326e+002;2,136598e-001
8,485611e+002;2,145334e-001
8,504897e+002;2,150793e-001
8,524182e+002;2,110622e-001
8,543467e+002;2,088528e-001
8,562753e+002;2,052526e-001
8,582039e+002;1,996067e-001
8,601324e+002;1,984606e-001
8,620610e+002;2,002585e-001
8,639895e+002;2,021946e-001
8,659180e+002;2,071334e-001
8,678466e+002;2,097196e-001
8,697751e+002;2,103956e-001
8,717037e+002;2,107567e-001
8,736323e+002;2,102225e-001
8,755608e+002;2,088764e-001
8,774893e+002;2,068991e-001
8,794179e+002;2,089678e-001
8,813464e+002;2,130571e-001
8,832750e+002;2,140034e-001
8,852036e+002;2,154620e-001
8,871321e+002;2,171932e-001
8,890606e+002;2,207606e-001
8,909892e+002;2,195423e-001
8,929177e+002;2,168316e-001
8,948463e+002;2,203274e-001
8,967748e+002;2,249433e-001
8,987034e+002;2,298698e-001
9,006319e+002;2,399607e-001
9,025605e+002;2,530508e-001
9,044890e+002;2,631666e-001
9,064175e+002;2,678611e-001
9,083461e+002;2,640618e-001
9,102747e+002;2,544349e-001
9,122032e+002;2,430652e-001
9,141318e+002;2,341877e-001
9,160603e+002;2,252310e-001
9,179888e+002;2,207556e-001
9,199174e+002;2,219065e-001
9,218459e+002;2,222035e-001
9,237745e+002;2,204950e-001
9,257031e+002;2,152773e-001
9,276316e+002;2,110345e-001
9,295601e+002;2,110893e-001
9,314887e+002;2,164947e-001
9,334172e+002;2,218402e-001
9,353458e+002;2,244509e-001
9,372744e+002;2,251173e-001
9,392029e+002;2,265917e-001
9,411314e+002;2,271995e-001
9,430600e+002;2,256496e-001
9,449885e+002;2,299585e-001
9,469171e+002;2,314176e-001
9,488456e+002;2,261158e-001
9,507742e+002;2,241006e-001
9,527027e+002;2,238165e-001
9,546313e+002;2,245042e-001
9,565598e+002;2,287358e-001
9,584883e+002;2,337473e-001
9,604169e+002;2,385925e-001
9,623455e+002;2,401150e-001
9,642740e+002;2,397147e-001
9,662026e+002;2,380721e-001
9,681311e+002;2,362515e-001
9,700596e+002;2,341166e-001
9,719882e+002;2,318891e-001
9,739167e+002;2,320680e-001
9,758453e+002;2,337257e-001
9,777739e+002;2,363696e-001
9,797024e+002;2,366499e-001
9,816309e+002;2,369529e-001
9,835595e+002;2,371481e-001
9,854880e+002;2,367477e-001
9,874166e+002;2,329923e-001
9,893452e+002;2,330927e-001
9,912737e+002;2,326408e-001
9,932022e+002;2,296759e-001
9,951307e+002;2,309931e-001
9,970593e+002;2,341002e-001
9,989879e+002;2,365669e-001
1,000916e+003;2,417658e-001
1,002845e+003;2,471336e-001
1,004773e+003;2,494093e-001
1,006702e+003;2,502258e-001
1,008631e+003;2,517976e-001
1,010559e+003;2,549540e-001
1,012488e+003;2,626209e-001
1,014416e+003;2,720525e-001
1,016345e+003;2,816312e-001
1,018273e+003;2,894654e-001
1,020202e+003;2,955003e-001
1,022130e+003;3,020473e-001
1,024059e+003;3,112440e-001
1,025988e+003;3,245286e-001
1,027916e+003;3,304655e-001
1,029845e+003;3,212911e-001
1,031773e+003;2,979158e-001
1,033702e+003;2,694134e-001
1,035630e+003;2,479313e-001
1,037559e+003;2,359241e-001
1,039487e+003;2,299538e-001
1,041416e+003;2,251478e-001
1,043344e+003;2,228249e-001
1,045273e+003;2,207039e-001
1,047202e+003;2,214339e-001
1,049130e+003;2,228529e-001
1,051059e+003;2,224491e-001
1,052987e+003;2,206962e-001
1,054916e+003;2,222554e-001
1,056844e+003;2,263195e-001
1,058773e+003;2,278550e-001
1,060701e+003;2,308898e-001
1,062630e+003;2,346814e-001
1,064558e+003;2,394394e-001
1,066487e+003;2,440529e-001
1,068416e+003;2,435811e-001
1,070344e+003;2,438837e-001
1,072273e+003;2,430408e-001
1,074201e+003;2,354022e-001
1,076130e+003;2,268906e-001
1,078058e+003;2,226942e-001
1,079987e+003;2,181103e-001
1,081915e+003;2,144658e-001
1,083844e+003;2,129459e-001
1,085773e+003;2,114467e-001
1,087701e+003;2,097467e-001
1,089630e+003;2,070428e-001
1,091558e+003;2,068841e-001
1,093487e+003;2,092031e-001
1,095415e+003;2,098180e-001
1,097344e+003;2,089721e-001
1,099272e+003;2,068799e-001
1,101201e+003;2,061420e-001
1,103129e+003;2,055276e-001
1,105058e+003;2,024190e-001
1,106987e+003;2,021401e-001
1,108915e+003;2,051654e-001
1,110844e+003;2,068570e-001
1,112772e+003;2,088555e-001
1,114701e+003;2,066061e-001
1,116629e+003;2,024180e-001
1,118558e+003;2,003518e-001
1,120486e+003;1,967930e-001
1,122415e+003;1,954427e-001
1,124344e+003;1,951177e-001
1,126272e+003;1,947013e-001
1,128201e+003;1,940021e-001
1,130129e+003;1,949410e-001
1,132058e+003;1,994323e-001
1,133986e+003;2,006728e-001
1,135915e+003;2,014583e-001
1,137843e+003;2,032633e-001
1,139772e+003;2,044044e-001
1,141700e+003;2,093558e-001
1,143629e+003;2,141217e-001
1,145557e+003;2,161357e-001
1,147486e+003;2,196549e-001
1,149415e+003;2,272272e-001
1,151343e+003;2,359073e-001
1,153272e+003;2,446225e-001
1,155200e+003;2,492096e-001
1,157129e+003;2,430446e-001
1,159057e+003;2,342175e-001
1,160986e+003;2,291164e-001
1,162914e+003;2,281129e-001
1,164843e+003;2,276619e-001
1,166771e+003;2,258549e-001
1,168700e+003;2,253956e-001
1,170629e+003;2,272185e-001
1,172557e+003;2,271994e-001
1,174486e+003;2,294664e-001
1,176414e+003;2,338632e-001
1,178343e+003;2,413558e-001
1,180271e+003;2,467699e-001
1,182200e+003;2,460933e-001
1,184128e+003;2,397315e-001
1,186057e+003;2,333694e-001
1,187986e+003;2,314972e-001
1,189914e+003;2,312214e-001
1,191843e+003;2,310790e-001
1,193771e+003;2,303416e-001
1,195700e+003;2,287970e-001
1,197628e+003;2,269378e-001
1,199557e+003;2,256449e-001
1,201485e+003;2,239657e-001
1,203414e+003;2,215257e-001
1,205343e+003;2,187760e-001
1,207271e+003;2,169454e-001
1,209200e+003;2,150365e-001
1,211128e+003;2,136738e-001
1,213057e+003;2,135885e-001
1,214985e+003;2,122147e-001
1,216914e+003;2,100540e-001
1,218842e+003;2,100572e-001
1,220771e+003;2,105722e-001
1,222699e+003;2,108726e-001
1,224628e+003;2,116761e-001
1,226557e+003;2,124829e-001
1,228485e+003;2,131253e-001
1,230414e+003;2,116917e-001
1,232342e+003;2,098766e-001
1,234271e+003;2,096557e-001
1,236199e+003;2,108973e-001
1,238128e+003;2,139888e-001
1,240056e+003;2,143218e-001
1,241985e+003;2,120595e-001
1,243913e+003;2,123747e-001
1,245842e+003;2,128097e-001
1,247771e+003;2,118449e-001
1,249699e+003;2,104799e-001
1,251628e+003;2,091410e-001
1,253556e+003;2,080394e-001
1,255485e+003;2,081238e-001
1,257413e+003;2,087834e-001
1,259342e+003;2,084564e-001
1,261270e+003;2,072705e-001
1,263199e+003;2,080263e-001
1,265127e+003;2,093212e-001
1,267056e+003;2,098329e-001
1,268985e+003;2,094413e-001
1,270913e+003;2,089839e-001
1,272842e+003;2,099706e-001
1,274770e+003;2,119709e-001
1,276699e+003;2,142632e-001
1,278627e+003;2,168209e-001
1,280556e+003;2,176487e-001
1,282484e+003;2,164859e-001
1,284413e+003;2,163634e-001
1,286342e+003;2,180497e-001
1,288270e+003;2,185522e-001
1,290199e+003;2,190450e-001
1,292127e+003;2,201350e-001
1,294056e+003;2,208867e-001
1,295984e+003;2,217825e-001
1,297913e+003;2,224577e-001
1,299841e+003;2,231092e-001
1,301770e+003;2,249893e-001
1,303698e+003;2,286258e-001
1,305627e+003;2,320368e-001
1,307556e+003;2,330720e-001
1,309484e+003;2,339527e-001
1,311413e+003;2,344839e-001
1,313341e+003;2,335210e-001
1,315270e+003;2,338921e-001
1,317198e+003;2,331409e-001
1,319127e+003;2,303029e-001
1,321055e+003;2,302529e-001
1,322984e+003;2,315330e-001
1,324912e+003;2,336914e-001
1,326841e+003;2,354996e-001
1,328770e+003;2,359813e-001
1,330698e+003;2,352546e-001
1,332627e+003;2,330591e-001
1,334555e+003;2,304305e-001
1,336484e+003;2,292401e-001
1,338412e+003;2,294118e-001
1,340341e+003;2,303131e-001
1,342269e+003;2,322575e-001
1,344198e+003;2,349537e-001
1,346126e+003;2,370052e-001
1,348055e+003;2,381025e-001
1,349984e+003;2,394398e-001
1,351912e+003;2,398022e-001
1,353841e+003;2,399056e-001
1,355769e+003;2,411916e-001
1,357698e+003;2,429150e-001
1,359626e+003;2,451115e-001
1,361555e+003;2,478694e-001
1,363483e+003;2,497512e-001
1,365412e+003;2,511001e-001
1,367341e+003;2,532412e-001
1,369269e+003;2,548086e-001
1,371198e+003;2,569702e-001
1,373126e+003;2,575982e-001
1,375055e+003;2,542820e-001
1,376983e+003;2,513739e-001
1,378912e+003;2,486424e-001
1,380840e+003;2,455416e-001
1,382769e+003;2,430897e-001
1,384698e+003;2,403953e-001
1,386626e+003;2,337048e-001
1,388555e+003;2,256220e-001
1,390483e+003;2,230383e-001
1,392412e+003;2,208400e-001
1,394340e+003;2,176931e-001
1,396269e+003;2,149836e-001
1,398197e+003;2,152401e-001
1,400126e+003;2,146091e-001
1,402054e+003;2,162665e-001
1,403983e+003;2,168096e-001
1,405911e+003;2,159949e-001
1,407840e+003;2,173787e-001
1,409769e+003;2,196957e-001
1,411697e+003;2,208022e-001
1,413626e+003;2,217133e-001
1,415554e+003;2,222594e-001
1,417483e+003;2,211938e-001
1,419411e+003;2,199948e-001
1,421340e+003;2,230765e-001
1,423268e+003;2,257040e-001
1,425197e+003;2,280531e-001
1,427125e+003;2,324709e-001
1,429054e+003;2,385707e-001
1,430983e+003;2,440191e-001
1,432911e+003;2,533830e-001
1,434840e+003;2,662041e-001
1,436768e+003;2,875010e-001
1,438697e+003;3,063292e-001
1,440625e+003;3,247546e-001
1,442554e+003;3,490414e-001
1,444482e+003;3,782403e-001
1,446411e+003;4,100736e-001
1,448340e+003;4,684535e-001
1,450268e+003;5,445536e-001
1,452197e+003;6,018321e-001
1,454125e+003;5,750070e-001
1,456054e+003;4,683402e-001
1,457982e+003;2,954394e-001
1,459911e+003;2,635992e-001
1,461839e+003;2,598472e-001
1,463768e+003;2,550131e-001
1,465697e+003;2,492295e-001
1,467625e+003;2,471105e-001
1,469554e+003;2,457812e-001
1,471482e+003;2,442237e-001
1,473411e+003;2,374342e-001
1,475339e+003;2,368733e-001
1,477268e+003;2,402315e-001
1,479196e+003;2,443345e-001
1,481125e+003;2,525003e-001
1,483053e+003;2,675530e-001
1,484982e+003;2,894294e-001
1,486911e+003;3,227952e-001
1,488839e+003;3,914074e-001
1,490768e+003;5,526138e-001
1,492696e+003;6,287826e-001
1,494625e+003;5,750487e-001
1,496553e+003;4,149067e-001
1,498482e+003;2,955998e-001
1,500410e+003;2,592234e-001
1,502339e+003;2,461559e-001
1,504267e+003;2,433931e-001
1,506196e+003;2,403673e-001
1,508125e+003;2,248191e-001
1,510053e+003;2,284901e-001
1,511982e+003;2,301341e-001
1,513910e+003;2,316857e-001
1,515839e+003;2,327892e-001
1,517767e+003;2,331290e-001
1,519696e+003;2,366937e-001
1,521624e+003;2,326852e-001
1,523553e+003;2,283280e-001
1,525481e+003;2,292134e-001
1,527410e+003;2,291259e-001
1,529339e+003;2,309999e-001
1,531267e+003;2,351639e-001
1,533196e+003;2,377056e-001
1,535124e+003;2,392943e-001
1,537053e+003;2,460602e-001
1,538981e+003;2,522536e-001
1,540910e+003;2,431125e-001
1,542838e+003;2,384153e-001
1,544767e+003;2,373310e-001
1,546695e+003;2,378087e-001
1,548624e+003;2,399309e-001
1,550553e+003;2,374209e-001
1,552481e+003;2,371807e-001
1,554410e+003;2,361859e-001
1,556338e+003;2,345104e-001
1,558267e+003;2,284696e-001
1,560195e+003;2,250609e-001
1,562124e+003;2,320163e-001
1,564052e+003;2,345130e-001
1,565981e+003;2,336890e-001
1,567910e+003;2,341533e-001
1,569838e+003;2,321759e-001
1,571767e+003;2,341142e-001
1,573695e+003;2,385710e-001
1,575624e+003;2,426849e-001
1,577552e+003;2,509892e-001
1,579481e+003;2,616036e-001
1,581409e+003;2,743609e-001
1,583338e+003;2,782926e-001
1,585266e+003;2,695732e-001
1,587195e+003;2,608586e-001
1,589124e+003;2,608940e-001
1,591052e+003;2,669660e-001
1,592981e+003;2,772402e-001
1,594909e+003;2,937071e-001
1,596838e+003;3,215585e-001
1,598766e+003;3,562435e-001
1,600695e+003;3,798848e-001
1,602623e+003;3,675360e-001
1,604552e+003;3,325286e-001
1,606480e+003;2,986383e-001
1,608409e+003;2,721090e-001
1,610338e+003;2,565102e-001
1,612266e+003;2,492298e-001
1,614195e+003;2,468173e-001
1,616123e+003;2,458056e-001
1,618052e+003;2,427559e-001
1,619980e+003;2,439837e-001
1,621909e+003;2,441530e-001
1,623837e+003;2,402368e-001
1,625766e+003;2,414497e-001
1,627694e+003;2,424167e-001
1,629623e+003;2,415201e-001
1,631552e+003;2,426227e-001
1,633480e+003;2,444237e-001
1,635409e+003;2,443988e-001
1,637337e+003;2,411316e-001
1,639266e+003;2,419032e-001
1,641194e+003;2,433402e-001
1,643123e+003;2,447489e-001
1,645051e+003;2,461837e-001
1,646980e+003;2,430241e-001
1,648909e+003;2,426549e-001
1,650837e+003;2,488182e-001
1,652766e+003;2,473932e-001
1,654694e+003;2,389830e-001
1,656623e+003;2,432508e-001
1,658551e+003;2,455210e-001
1,660480e+003;2,470608e-001
1,662408e+003;2,463879e-001
1,664337e+003;2,460392e-001
1,666266e+003;2,486300e-001
1,668194e+003;2,492685e-001
1,670123e+003;2,448677e-001
1,672051e+003;2,437924e-001
1,673980e+003;2,451477e-001
1,675908e+003;2,402297e-001
1,677837e+003;2,424822e-001
1,679765e+003;2,454183e-001
1,681694e+003;2,471667e-001
1,683622e+003;2,462900e-001
1,685551e+003;2,349811e-001
1,687479e+003;2,364687e-001
1,689408e+003;2,387675e-001
1,691337e+003;2,407042e-001
1,693265e+003;2,440386e-001
1,695194e+003;2,468221e-001
1,697122e+003;2,445437e-001
1,699051e+003;2,438936e-001
1,700979e+003;2,392159e-001
1,702908e+003;2,429858e-001
1,704836e+003;2,459948e-001
1,706765e+003;2,443545e-001
1,708693e+003;2,462626e-001
1,710622e+003;2,485278e-001
1,712551e+003;2,515701e-001
1,714479e+003;2,533291e-001
1,716408e+003;2,505606e-001
1,718336e+003;2,464808e-001
1,720265e+003;2,506603e-001
1,722193e+003;2,547568e-001
1,724122e+003;2,580122e-001
1,726050e+003;2,615112e-001
1,727979e+003;2,653056e-001
1,729908e+003;2,687853e-001
1,731836e+003;2,739812e-001
1,733765e+003;2,787915e-001
1,735693e+003;2,816698e-001
1,737622e+003;2,876923e-001
1,739550e+003;2,924374e-001
1,741479e+003;2,957276e-001
1,743407e+003;2,964506e-001
1,745336e+003;2,961980e-001
1,747265e+003;2,958360e-001
1,749193e+003;2,871160e-001
1,751122e+003;2,729063e-001
1,753050e+003;2,656335e-001
1,754979e+003;2,635616e-001
1,756907e+003;2,551362e-001
1,758836e+003;2,480402e-001
1,760764e+003;2,454540e-001
1,762693e+003;2,391610e-001
1,764621e+003;2,379769e-001
1,766550e+003;2,398412e-001
1,768479e+003;2,386254e-001
1,770407e+003;2,386844e-001
1,772336e+003;2,364099e-001
1,774264e+003;2,345219e-001
1,776193e+003;2,357804e-001
1,778121e+003;2,370992e-001
1,780050e+003;2,366516e-001
1,781978e+003;2,351260e-001
1,783907e+003;2,357049e-001
1,785835e+003;2,355224e-001
1,787764e+003;2,370814e-001
1,789693e+003;2,405752e-001
1,791621e+003;2,430278e-001
1,793550e+003;2,441591e-001
1,795478e+003;2,469587e-001
1,797407e+003;2,489532e-001
1,799335e+003;2,505192e-001
1,801264e+003;2,513217e-001
1,803192e+003;2,513985e-001
1,805121e+003;2,513180e-001
1,807049e+003;2,497164e-001
1,808978e+003;2,478826e-001
1,810907e+003;2,457349e-001
1,812835e+003;2,442455e-001
1,814764e+003;2,440312e-001
1,816692e+003;2,428534e-001
1,818621e+003;2,412635e-001
1,820549e+003;2,404921e-001
1,822478e+003;2,404934e-001
1,824406e+003;2,392266e-001
1,826335e+003;2,370241e-001
1,828264e+003;2,372122e-001
1,830192e+003;2,335226e-001
1,832121e+003;2,326462e-001
1,834049e+003;2,337211e-001
1,835978e+003;2,341286e-001
1,837906e+003;2,340454e-001
1,839835e+003;2,339059e-001
1,841763e+003;2,349074e-001
1,843692e+003;2,335934e-001
1,845620e+003;2,310499e-001
1,847549e+003;2,321518e-001
1,849478e+003;2,330482e-001
1,851406e+003;2,353809e-001
1,853335e+003;2,378652e-001
1,855263e+003;2,395361e-001
1,857192e+003;2,408619e-001
1,859120e+003;2,417978e-001
1,861049e+003;2,430074e-001
1,862977e+003;2,451947e-001
1,864906e+003;2,488183e-001
1,866834e+003;2,525536e-001
1,868763e+003;2,515253e-001
1,870692e+003;2,493797e-001
1,872620e+003;2,501121e-001
1,874549e+003;2,501040e-001
1,876477e+003;2,491908e-001
1,878406e+003;2,482971e-001
1,880334e+003;2,473642e-001
1,882263e+003;2,458256e-001
1,884191e+003;2,448083e-001
1,886120e+003;2,445274e-001
1,888048e+003;2,441885e-001
1,889977e+003;2,409999e-001
1,891906e+003;2,397205e-001
1,893834e+003;2,393639e-001
1,895763e+003;2,370711e-001
1,897691e+003;2,359311e-001
1,899620e+003;2,353733e-001
1,901548e+003;2,343155e-001
1,903477e+003;2,325988e-001
1,905405e+003;2,314196e-001
1,907334e+003;2,313237e-001
1,909262e+003;2,311667e-001
1,911191e+003;2,313644e-001
1,913120e+003;2,320861e-001
1,915048e+003;2,330866e-001
1,916977e+003;2,335025e-001
1,918905e+003;2,333556e-001
1,920834e+003;2,355515e-001
1,922762e+003;2,354839e-001
1,924691e+003;2,348495e-001
1,926619e+003;2,360158e-001
1,928548e+003;2,373413e-001
1,930477e+003;2,383419e-001
1,932405e+003;2,404269e-001
1,934334e+003;2,438014e-001
1,936262e+003;2,475428e-001
1,938191e+003;2,509581e-001
1,940119e+003;2,538897e-001
1,942048e+003;2,553387e-001
1,943976e+003;2,542789e-001
1,945905e+003;2,523435e-001
1,947833e+003;2,502615e-001
1,949762e+003;2,481406e-001
1,951691e+003;2,459600e-001
1,953619e+003;2,449725e-001
1,955548e+003;2,436278e-001
1,957476e+003;2,425515e-001
1,959405e+003;2,411795e-001
1,961333e+003;2,402732e-001
1,963262e+003;2,391136e-001
1,965190e+003;2,371125e-001
1,967119e+003;2,340999e-001
1,969047e+003;2,315228e-001
1,970976e+003;2,305681e-001
1,972905e+003;2,298210e-001
1,974833e+003;2,295089e-001
1,976762e+003;2,291571e-001
1,978690e+003;2,281379e-001
1,980619e+003;2,275940e-001
1,982547e+003;2,275875e-001
1,984476e+003;2,275397e-001
1,986404e+003;2,277983e-001
1,988333e+003;2,277704e-001
1,990261e+003;2,272454e-001
1,992190e+003;2,259121e-001
1,994119e+003;2,244543e-001
1,996047e+003;2,239130e-001
1,997976e+003;2,231285e-001
1,999904e+003;2,229017e-001
2,001833e+003;2,236270e-001
2,003761e+003;2,244728e-001
2,005690e+003;2,245381e-001
2,007618e+003;2,242917e-001
2,009547e+003;2,236352e-001
2,011476e+003;2,227086e-001
2,013404e+003;2,219474e-001
2,015333e+003;2,216994e-001
2,017261e+003;2,212995e-001
2,019190e+003;2,212159e-001
2,021118e+003;2,208451e-001
2,023047e+003;2,209398e-001
2,024975e+003;2,216157e-001
2,026904e+003;2,216073e-001
2,028833e+003;2,213833e-001
2,030761e+003;2,214411e-001
2,032690e+003;2,204521e-001
2,034618e+003;2,197909e-001
2,036547e+003;2,201113e-001
2,038475e+003;2,202137e-001
2,040404e+003;2,193644e-001
2,042332e+003;2,179215e-001
2,044261e+003;2,176354e-001
2,046189e+003;2,185345e-001
2,048118e+003;2,191471e-001
2,050047e+003;2,189974e-001
2,051975e+003;2,181339e-001
2,053904e+003;2,175408e-001
2,055832e+003;2,176551e-001
2,057761e+003;2,183810e-001
2,059689e+003;2,185104e-001
2,061618e+003;2,181075e-001
2,063546e+003;2,175152e-001
2,065475e+003;2,160504e-001
2,067404e+003;2,156682e-001
2,069332e+003;2,166016e-001
2,071260e+003;2,174813e-001
2,073189e+003;2,177105e-001
2,075118e+003;2,178740e-001
2,077046e+003;2,174669e-001
2,078975e+003;2,163243e-001
2,080903e+003;2,167187e-001
2,082832e+003;2,165014e-001
2,084760e+003;2,163307e-001
2,086689e+003;2,166316e-001
2,088617e+003;2,165946e-001
2,090546e+003;2,160706e-001
2,092475e+003;2,156355e-001
2,094403e+003;2,156165e-001
2,096332e+003;2,154424e-001
2,098260e+003;2,145647e-001
2,100189e+003;2,147710e-001
2,102117e+003;2,149399e-001
2,104046e+003;2,146604e-001
2,105974e+003;2,148279e-001
2,107903e+003;2,150416e-001
2,109832e+003;2,147514e-001
2,111760e+003;2,144971e-001
2,113688e+003;2,145318e-001
2,115617e+003;2,145997e-001
2,117546e+003;2,143365e-001
2,119474e+003;2,137125e-001
2,121403e+003;2,131128e-001
2,123331e+003;2,131889e-001
2,125260e+003;2,129827e-001
2,127188e+003;2,129906e-001
2,129117e+003;2,128050e-001
2,131045e+003;2,121338e-001
2,132974e+003;2,121033e-001
2,134903e+003;2,129000e-001
2,136831e+003;2,123022e-001
2,138760e+003;2,116296e-001
2,140688e+003;2,121047e-001
2,142617e+003;2,125329e-001
2,144545e+003;2,122076e-001
2,146474e+003;2,126089e-001
2,148402e+003;2,128268e-001
2,150331e+003;2,119977e-001
2,152260e+003;2,116010e-001
2,154188e+003;2,114162e-001
2,156117e+003;2,108624e-001
2,158045e+003;2,107687e-001
2,159974e+003;2,108454e-001
2,161902e+003;2,107836e-001
2,163831e+003;2,106663e-001
2,165759e+003;2,102320e-001
2,167688e+003;2,108464e-001
2,169616e+003;2,111231e-001
2,171545e+003;2,104142e-001
2,173474e+003;2,096963e-001
2,175402e+003;2,093653e-001
2,177331e+003;2,087622e-001
2,179259e+003;2,077757e-001
2,181188e+003;2,071287e-001
2,183116e+003;2,080834e-001
2,185045e+003;2,082479e-001
2,186973e+003;2,075685e-001
2,188902e+003;2,078458e-001
2,190831e+003;2,079627e-001
2,192759e+003;2,071427e-001
2,194688e+003;2,071833e-001
2,196616e+003;2,078876e-001
2,198545e+003;2,077696e-001
2,200473e+003;2,071355e-001
2,202402e+003;2,063563e-001
2,204330e+003;2,063344e-001
2,206259e+003;2,066654e-001
2,208188e+003;2,064824e-001
2,210116e+003;2,062011e-001
2,212044e+003;2,059574e-001
2,213973e+003;2,050852e-001
2,215902e+003;2,056872e-001
2,217830e+003;2,063785e-001
2,219759e+003;2,054159e-001
2,221687e+003;2,047207e-001
2,223616e+003;2,048677e-001
2,225544e+003;2,047647e-001
2,227473e+003;2,048349e-001
2,229401e+003;2,051315e-001
2,231330e+003;2,053406e-001
2,233259e+003;2,051281e-001
2,235187e+003;2,046907e-001
2,237116e+003;2,038620e-001
2,239044e+003;2,037556e-001
2,240973e+003;2,042240e-001
2,242901e+003;2,040654e-001
2,244830e+003;2,033316e-001
2,246758e+003;2,028939e-001
2,248687e+003;2,030344e-001
2,250615e+003;2,030547e-001
2,252544e+003;2,029908e-001
2,254473e+003;2,039236e-001
2,256401e+003;2,047594e-001
2,258330e+003;2,045342e-001
2,260258e+003;2,036995e-001
2,262187e+003;2,029841e-001
2,264115e+003;2,027813e-001
2,266044e+003;2,030381e-001
2,267972e+003;2,029831e-001
2,269901e+003;2,030697e-001
2,271830e+003;2,031578e-001
2,273758e+003;2,030187e-001
2,275687e+003;2,024010e-001
2,277615e+003;2,023320e-001
2,279544e+003;2,024941e-001
2,281472e+003;2,022310e-001
2,283401e+003;2,018125e-001
2,285329e+003;2,023315e-001
2,287258e+003;2,030776e-001
2,289187e+003;2,031204e-001
2,291115e+003;2,030365e-001
2,293043e+003;2,025612e-001
2,294972e+003;2,020729e-001
2,296901e+003;2,022154e-001
2,298829e+003;2,016060e-001
2,300758e+003;2,015885e-001
2,302686e+003;2,026864e-001
2,304615e+003;2,031614e-001
2,306543e+003;2,034052e-001
2,308472e+003;2,046373e-001
2,310400e+003;2,052375e-001
2,312329e+003;2,043371e-001
2,314258e+003;2,029776e-001
2,316186e+003;2,034218e-001
2,318115e+003;2,032090e-001
2,320043e+003;2,023765e-001
2,321972e+003;2,019600e-001
2,323900e+003;2,015016e-001
2,325829e+003;2,009194e-001
2,327757e+003;2,015701e-001
2,329686e+003;2,028406e-001
2,331615e+003;2,030412e-001
2,333543e+003;2,047599e-001
2,335472e+003;2,074653e-001
2,337400e+003;2,067333e-001
2,339329e+003;2,053015e-001
2,341257e+003;2,029143e-001
2,343186e+003;2,012131e-001
2,345114e+003;2,011025e-001
2,347043e+003;2,012081e-001
2,348971e+003;2,034594e-001
2,350900e+003;2,054407e-001
2,352829e+003;2,055485e-001
2,354757e+003;2,060431e-001
2,356686e+003;2,045649e-001
2,358614e+003;1,975385e-001
2,360543e+003;1,933183e-001
2,362471e+003;1,996975e-001
2,364400e+003;2,032833e-001
2,366328e+003;1,978233e-001
2,368257e+003;1,971143e-001
2,370186e+003;1,993011e-001
2,372114e+003;1,974711e-001
2,374042e+003;1,960533e-001
2,375971e+003;1,966202e-001
2,377900e+003;1,976847e-001
2,379828e+003;1,975320e-001
2,381757e+003;1,972434e-001
2,383685e+003;1,965835e-001
2,385614e+003;1,969606e-001
2,387542e+003;1,972450e-001
2,389471e+003;1,965018e-001
2,391399e+003;1,965280e-001
2,393328e+003;1,966784e-001
2,395257e+003;1,964942e-001
2,397185e+003;1,965915e-001
2,399114e+003;1,962828e-001
2,401042e+003;1,963387e-001
2,402971e+003;1,966763e-001
2,404899e+003;1,966469e-001
2,406828e+003;1,965041e-001
2,408756e+003;1,970000e-001
2,410685e+003;1,971109e-001
2,412614e+003;1,971314e-001
2,414542e+003;1,969452e-001
2,416471e+003;1,965488e-001
2,418399e+003;1,960700e-001
2,420328e+003;1,963629e-001
2,422256e+003;1,972633e-001
2,424185e+003;1,976399e-001
2,426113e+003;1,969844e-001
2,428042e+003;1,961248e-001
2,429970e+003;1,965886e-001
2,431899e+003;1,970442e-001
2,433828e+003;1,968769e-001
2,435756e+003;1,974027e-001
2,437685e+003;1,976608e-001
2,439613e+003;1,970955e-001
2,441542e+003;1,972562e-001
2,443470e+003;1,976842e-001
2,445399e+003;1,977601e-001
2,447327e+003;1,977790e-001
2,449256e+003;1,971751e-001
2,451185e+003;1,967642e-001
2,453113e+003;1,972805e-001
2,455042e+003;1,971894e-001
2,456970e+003;1,967211e-001
2,458899e+003;1,971283e-001
2,460827e+003;1,976773e-001
2,462756e+003;1,983721e-001
2,464684e+003;1,984195e-001
2,466613e+003;1,985835e-001
2,468542e+003;1,986888e-001
2,470470e+003;1,986293e-001
2,472398e+003;1,988018e-001
2,474327e+003;1,988054e-001
2,476256e+003;1,988684e-001
2,478184e+003;1,988311e-001
2,480113e+003;1,991969e-001
2,482041e+003;1,995646e-001
2,483970e+003;1,993409e-001
2,485898e+003;1,990685e-001
2,487827e+003;1,991646e-001
2,489755e+003;1,993336e-001
2,491684e+003;1,998018e-001
2,493613e+003;1,999303e-001
2,495541e+003;1,994269e-001
2,497470e+003;1,996348e-001
2,499398e+003;2,003882e-001
2,501327e+003;2,004598e-001
2,503255e+003;2,004015e-001
2,505184e+003;2,007921e-001
2,507112e+003;2,015671e-001
2,509041e+003;2,018089e-001
2,510969e+003;2,016642e-001
2,512898e+003;2,018187e-001
2,514827e+003;2,017786e-001
2,516755e+003;2,008012e-001
2,518684e+003;2,012611e-001
2,520612e+003;2,020299e-001
2,522541e+003;2,018314e-001
2,524469e+003;2,016853e-001
2,526398e+003;2,016349e-001
2,528326e+003;2,019425e-001
2,530255e+003;2,023350e-001
2,532184e+003;2,017891e-001
2,534112e+003;2,009950e-001
2,536041e+003;2,012369e-001
2,537969e+003;2,018158e-001
2,539898e+003;2,025447e-001
2,541826e+003;2,034138e-001
2,543755e+003;2,034976e-001
2,545683e+003;2,031762e-001
2,547612e+003;2,036572e-001
2,549541e+003;2,037803e-001
2,551469e+003;2,038913e-001
2,553397e+003;2,036597e-001
2,555326e+003;2,034221e-001
2,557255e+003;2,033011e-001
2,559183e+003;2,036373e-001
2,561112e+003;2,043573e-001
2,563040e+003;2,052717e-001
2,564969e+003;2,046944e-001
2,566897e+003;2,037417e-001
2,568826e+003;2,043324e-001
2,570754e+003;2,050349e-001
2,572683e+003;2,052576e-001
2,574612e+003;2,047285e-001
2,576540e+003;2,049117e-001
2,578469e+003;2,067473e-001
2,580397e+003;2,075759e-001
2,582326e+003;2,073253e-001
2,584254e+003;2,066617e-001
2,586183e+003;2,057676e-001
2,588111e+003;2,056282e-001
2,590040e+003;2,064189e-001
2,591969e+003;2,068750e-001
2,593897e+003;2,070849e-001
2,595826e+003;2,076200e-001
2,597754e+003;2,081019e-001
2,599683e+003;2,089298e-001
2,601611e+003;2,098783e-001
2,603540e+003;2,096135e-001
2,605468e+003;2,088039e-001
2,607397e+003;2,084055e-001
2,609325e+003;2,079599e-001
2,611254e+003;2,082543e-001
2,613183e+003;2,084220e-001
2,615111e+003;2,076288e-001
2,617040e+003;2,078267e-001
2,618968e+003;2,091757e-001
2,620897e+003;2,097571e-001
2,622825e+003;2,094878e-001
2,624754e+003;2,096775e-001
2,626682e+003;2,102219e-001
2,628611e+003;2,110282e-001
2,630540e+003;2,122037e-001
2,632468e+003;2,127202e-001
2,634396e+003;2,119451e-001
2,636325e+003;2,108755e-001
2,638254e+003;2,108789e-001
2,640182e+003;2,112847e-001
2,642111e+003;2,113172e-001
2,644039e+003;2,117769e-001
2,645968e+003;2,122706e-001
2,647896e+003;2,118843e-001
2,649825e+003;2,114514e-001
2,651753e+003;2,115892e-001
2,653682e+003;2,126027e-001
2,655611e+003;2,128353e-001
2,657539e+003;2,128011e-001
2,659468e+003;2,129893e-001
2,661396e+003;2,124406e-001
2,663325e+003;2,117110e-001
2,665253e+003;2,111662e-001
2,667182e+003;2,114411e-001
2,669110e+003;2,124331e-001
2,671039e+003;2,122687e-001
2,672968e+003;2,120959e-001
2,674896e+003;2,129923e-001
2,676825e+003;2,135433e-001
2,678753e+003;2,135022e-001
2,680682e+003;2,131690e-001
2,682610e+003;2,135631e-001
2,684539e+003;2,140833e-001
2,686467e+003;2,139826e-001
2,688396e+003;2,140912e-001
2,690324e+003;2,136289e-001
2,692253e+003;2,137343e-001
2,694182e+003;2,135287e-001
2,696110e+003;2,137021e-001
2,698039e+003;2,138397e-001
2,699967e+003;2,136904e-001
2,701896e+003;2,143638e-001
2,703824e+003;2,142460e-001
2,705753e+003;2,139281e-001
2,707681e+003;2,149816e-001
2,709610e+003;2,156854e-001
2,711539e+003;2,154537e-001
2,713467e+003;2,152152e-001
2,715396e+003;2,151722e-001
2,717324e+003;2,158174e-001
2,719253e+003;2,161451e-001
2,721181e+003;2,164017e-001
2,723110e+003;2,165235e-001
2,725038e+003;2,163549e-001
2,726967e+003;2,166510e-001
2,728896e+003;2,166223e-001
2,730824e+003;2,169535e-001
2,732752e+003;2,181542e-001
2,734681e+003;2,182493e-001
2,736610e+003;2,172489e-001
2,738538e+003;2,171354e-001
2,740467e+003;2,176511e-001
2,742395e+003;2,181710e-001
2,744324e+003;2,185466e-001
2,746252e+003;2,184057e-001
2,748181e+003;2,184270e-001
2,750109e+003;2,190275e-001
2,752038e+003;2,192396e-001
2,753967e+003;2,193754e-001
2,755895e+003;2,196052e-001
2,757824e+003;2,203779e-001
2,759752e+003;2,207499e-001
2,761681e+003;2,207993e-001
2,763609e+003;2,212542e-001
2,765538e+003;2,221338e-001
2,767466e+003;2,225583e-001
2,769395e+003;2,223230e-001
2,771323e+003;2,229323e-001
2,773252e+003;2,243310e-001
2,775181e+003;2,251288e-001
2,777109e+003;2,259083e-001
2,779038e+003;2,260059e-001
2,780966e+003;2,256427e-001
2,782895e+003;2,255979e-001
2,784823e+003;2,262416e-001
2,786752e+003;2,273843e-001
2,788680e+003;2,281025e-001
2,790609e+003;2,284493e-001
2,792538e+003;2,288785e-001
2,794466e+003;2,295844e-001
2,796395e+003;2,306604e-001
2,798323e+003;2,311142e-001
2,800252e+003;2,307445e-001
2,802180e+003;2,313642e-001
2,804109e+003;2,328329e-001
2,806037e+003;2,340407e-001
2,807966e+003;2,350658e-001
2,809895e+003;2,358756e-001
2,811823e+003;2,360830e-001
2,813751e+003;2,360231e-001
2,815680e+003;2,365374e-001
2,817609e+003;2,376778e-001
2,819537e+003;2,389569e-001
2,821466e+003;2,404640e-001
2,823394e+003;2,414067e-001
2,825323e+003;2,427914e-001
2,827251e+003;2,452176e-001
2,829180e+003;2,479277e-001
2,831108e+003;2,513709e-001
2,833037e+003;2,571085e-001
2,834966e+003;2,649910e-001
2,836894e+003;2,751781e-001
2,838823e+003;2,890955e-001
2,840751e+003;3,084094e-001
2,842680e+003;3,295465e-001
2,844608e+003;3,495376e-001
2,846537e+003;3,658355e-001
2,848465e+003;3,765165e-001
2,850394e+003;3,821520e-001
2,852323e+003;3,813720e-001
2,854251e+003;3,739493e-001
2,856180e+003;3,628837e-001
2,858108e+003;3,503029e-001
2,860037e+003;3,375693e-001
2,861965e+003;3,245728e-001
2,863894e+003;3,138392e-001
2,865822e+003;3,070861e-001
2,867751e+003;3,036651e-001
2,869679e+003;3,006577e-001
2,871608e+003;2,998709e-001
2,873536e+003;3,015271e-001
2,875465e+003;3,045681e-001
2,877394e+003;3,081274e-001
2,879322e+003;3,106613e-001
2,881251e+003;3,135030e-001
2,883179e+003;3,184852e-001
2,885108e+003;3,251624e-001
2,887036e+003;3,310343e-001
2,888965e+003;3,363008e-001
2,890893e+003;3,428046e-001
2,892822e+003;3,514766e-001
2,894750e+003;3,630661e-001
2,896679e+003;3,767726e-001
2,898608e+003;3,917468e-001
2,900536e+003;4,090200e-001
2,902465e+003;4,287379e-001
2,904393e+003;4,478163e-001
2,906322e+003;4,677987e-001
2,908250e+003;4,898674e-001
2,910179e+003;5,135184e-001
2,912107e+003;5,387674e-001
2,914036e+003;5,646343e-001
2,915965e+003;5,879522e-001
2,917893e+003;6,092446e-001
2,919822e+003;6,295226e-001
2,921750e+003;6,448957e-001
2,923679e+003;6,515194e-001
2,925607e+003;6,476628e-001
2,927536e+003;6,334123e-001
2,929464e+003;6,117323e-001
2,931393e+003;5,854257e-001
2,933322e+003;5,537691e-001
2,935250e+003;5,179110e-001
2,937178e+003;4,841544e-001
2,939107e+003;4,536664e-001
2,941036e+003;4,262766e-001
2,942964e+003;4,030050e-001
2,944893e+003;3,827379e-001
2,946821e+003;3,643202e-001
2,948750e+003;3,490561e-001
2,950678e+003;3,367467e-001
2,952607e+003;3,257970e-001
2,954535e+003;3,155222e-001
2,956464e+003;3,067943e-001
2,958393e+003;3,005632e-001
2,960321e+003;2,952659e-001
2,962250e+003;2,887206e-001
2,964178e+003;2,823822e-001
2,966107e+003;2,770387e-001
2,968035e+003;2,724279e-001
2,969964e+003;2,683099e-001
2,971892e+003;2,650992e-001
2,973821e+003;2,623399e-001
2,975750e+003;2,603081e-001
2,977678e+003;2,597880e-001
2,979607e+003;2,583528e-001
2,981535e+003;2,564110e-001
2,983464e+003;2,549721e-001
2,985392e+003;2,536581e-001
2,987321e+003;2,533387e-001
2,989249e+003;2,546583e-001
2,991178e+003;2,581975e-001
2,993106e+003;2,647013e-001
2,995035e+003;2,734475e-001
2,996964e+003;2,848753e-001
2,998892e+003;2,964582e-001
3,000821e+003;3,020675e-001
3,002749e+003;3,003113e-001
3,004678e+003;2,941203e-001
3,006606e+003;2,877610e-001
3,008535e+003;2,859101e-001
3,010463e+003;2,886176e-001
3,012392e+003;2,962816e-001
3,014321e+003;3,113843e-001
3,016249e+003;3,365212e-001
3,018177e+003;3,756022e-001
3,020106e+003;4,294901e-001
3,022035e+003;4,922842e-001
3,023963e+003;5,448092e-001
3,025892e+003;5,628430e-001
3,027820e+003;5,399066e-001
3,029749e+003;4,939258e-001
3,031677e+003;4,384897e-001
3,033606e+003;3,898797e-001
3,035534e+003;3,568038e-001
3,037463e+003;3,351574e-001
3,039392e+003;3,195137e-001
3,041320e+003;3,073363e-001
3,043249e+003;3,003388e-001
3,045177e+003;2,994636e-001
3,047106e+003;3,024707e-001
3,049034e+003;3,090321e-001
3,050963e+003;3,194706e-001
3,052891e+003;3,348624e-001
3,054820e+003;3,563977e-001
3,056749e+003;3,804459e-001
3,058677e+003;3,962271e-001
3,060606e+003;3,961464e-001
3,062534e+003;3,828885e-001
3,064463e+003;3,627329e-001
3,066391e+003;3,412282e-001
3,068320e+003;3,228713e-001
3,070248e+003;3,120947e-001
3,072177e+003;3,071573e-001
3,074105e+003;3,070689e-001
3,076034e+003;3,121803e-001
3,077963e+003;3,241425e-001
3,079891e+003;3,392707e-001
3,081820e+003;3,475393e-001
3,083748e+003;3,411256e-001
3,085677e+003;3,232805e-001
3,087605e+003;3,016266e-001
3,089534e+003;2,836243e-001
3,091462e+003;2,721974e-001
3,093391e+003;2,650770e-001
3,095320e+003;2,624193e-001
3,097248e+003;2,631839e-001
3,099177e+003;2,648256e-001
3,101105e+003;2,660173e-001
3,103034e+003;2,662957e-001
3,104962e+003;2,640121e-001
3,106891e+003;2,584938e-001
3,108819e+003;2,521730e-001
3,110748e+003;2,463603e-001
3,112677e+003;2,417176e-001
3,114605e+003;2,385109e-001
3,116533e+003;2,362586e-001
3,118462e+003;2,354812e-001
3,120391e+003;2,356918e-001
3,122319e+003;2,351531e-001
3,124248e+003;2,328447e-001
3,126176e+003;2,327060e-001
3,128105e+003;2,328500e-001
3,130033e+003;2,327330e-001
3,131962e+003;2,327800e-001
3,133890e+003;2,317904e-001
3,135819e+003;2,312587e-001
3,137748e+003;2,314892e-001
3,139676e+003;2,317638e-001
3,141605e+003;2,316711e-001
3,143533e+003;2,316689e-001
3,145462e+003;2,318188e-001
3,147390e+003;2,319702e-001
3,149319e+003;2,320938e-001
3,151247e+003;2,320937e-001
3,153176e+003;2,321777e-001
3,155104e+003;2,321998e-001
3,157033e+003;2,328336e-001
3,158962e+003;2,333804e-001
3,160890e+003;2,331098e-001
3,162819e+003;2,328694e-001
3,164747e+003;2,327114e-001
3,166676e+003;2,316109e-001
3,168604e+003;2,306593e-001
3,170533e+003;2,316661e-001
3,172461e+003;2,314726e-001
3,174390e+003;2,312671e-001
3,176319e+003;2,318874e-001
3,178247e+003;2,307520e-001
3,180176e+003;2,293977e-001
3,182104e+003;2,295601e-001
3,184033e+003;2,305467e-001
3,185961e+003;2,309771e-001
3,187890e+003;2,305621e-001
3,189818e+003;2,304292e-001
3,191747e+003;2,310985e-001
3,193676e+003;2,314698e-001
3,195604e+003;2,312892e-001
3,197532e+003;2,308065e-001
3,199461e+003;2,302796e-001
3,201390e+003;2,305303e-001
3,203318e+003;2,309780e-001
3,205247e+003;2,314975e-001
3,207175e+003;2,318047e-001
3,209104e+003;2,306190e-001
3,211032e+003;2,294416e-001
3,212961e+003;2,295526e-001
3,214889e+003;2,296891e-001
3,216818e+003;2,296558e-001
3,218747e+003;2,296676e-001
3,220675e+003;2,299580e-001
3,222604e+003;2,298980e-001
3,224532e+003;2,296966e-001
3,226461e+003;2,302078e-001
3,228389e+003;2,310032e-001
3,230318e+003;2,311362e-001
3,232246e+003;2,297642e-001
3,234175e+003;2,293283e-001
3,236104e+003;2,293813e-001
3,238032e+003;2,296563e-001
3,239961e+003;2,303083e-001
3,241889e+003;2,315114e-001
3,243818e+003;2,319839e-001
3,245746e+003;2,301146e-001
3,247675e+003;2,292963e-001
3,249603e+003;2,300339e-001
3,251532e+003;2,307853e-001
3,253460e+003;2,309515e-001
3,255389e+003;2,308966e-001
3,257318e+003;2,312742e-001
3,259246e+003;2,310307e-001
3,261175e+003;2,297868e-001
3,263103e+003;2,290972e-001
3,265032e+003;2,298117e-001
3,266960e+003;2,306479e-001
3,268889e+003;2,313983e-001
3,270817e+003;2,312509e-001
3,272746e+003;2,302146e-001
3,274675e+003;2,305582e-001
3,276603e+003;2,313575e-001
3,278531e+003;2,308330e-001
3,280460e+003;2,312478e-001
3,282389e+003;2,304881e-001
3,284317e+003;2,287052e-001
3,286246e+003;2,292846e-001
3,288174e+003;2,304394e-001
3,290103e+003;2,310967e-001
3,292031e+003;2,301384e-001
3,293960e+003;2,292775e-001
3,295888e+003;2,299384e-001
3,297817e+003;2,301231e-001
3,299746e+003;2,295514e-001
3,301674e+003;2,294469e-001
3,303603e+003;2,300464e-001
3,305531e+003;2,307448e-001
3,307460e+003;2,301832e-001
3,309388e+003;2,295502e-001
3,311317e+003;2,297277e-001
3,313245e+003;2,303797e-001
3,315174e+003;2,301882e-001
3,317103e+003;2,296189e-001
3,319031e+003;2,292683e-001
3,320960e+003;2,287492e-001
3,322888e+003;2,283524e-001
3,324817e+003;2,278873e-001
3,326745e+003;2,278592e-001
3,328674e+003;2,271165e-001
3,330602e+003;2,265213e-001
3,332531e+003;2,271352e-001
3,334459e+003;2,274136e-001
3,336388e+003;2,274043e-001
3,338317e+003;2,268283e-001
3,340245e+003;2,268499e-001
3,342174e+003;2,276428e-001
3,344102e+003;2,276565e-001
3,346031e+003;2,271188e-001
3,347959e+003;2,268663e-001
3,349888e+003;2,263008e-001
3,351816e+003;2,254037e-001
3,353745e+003;2,245400e-001
3,355674e+003;2,234731e-001
3,357602e+003;2,227549e-001
3,359531e+003;2,236367e-001
3,361459e+003;2,246396e-001
3,363388e+003;2,241774e-001
3,365316e+003;2,242591e-001
3,367245e+003;2,248460e-001
3,369173e+003;2,247476e-001
3,371102e+003;2,242620e-001
3,373031e+003;2,227468e-001
3,374959e+003;2,222069e-001
3,376887e+003;2,227675e-001
3,378816e+003;2,222468e-001
3,380745e+003;2,225961e-001
3,382673e+003;2,242152e-001
3,384602e+003;2,231112e-001
3,386530e+003;2,206628e-001
3,388459e+003;2,208913e-001
3,390387e+003;2,221452e-001
3,392316e+003;2,221871e-001
3,394244e+003;2,211644e-001
3,396173e+003;2,210925e-001
3,398102e+003;2,205896e-001
3,400030e+003;2,205085e-001
3,401959e+003;2,209786e-001
3,403887e+003;2,212018e-001
3,405816e+003;2,213402e-001
3,407744e+003;2,215232e-001
3,409673e+003;2,199878e-001
3,411601e+003;2,192515e-001
3,413530e+003;2,190415e-001
3,415458e+003;2,191204e-001
3,417387e+003;2,200114e-001
3,419316e+003;2,206579e-001
3,421244e+003;2,195631e-001
3,423173e+003;2,191466e-001
3,425101e+003;2,203234e-001
3,427030e+003;2,199489e-001
3,428958e+003;2,188773e-001
3,430887e+003;2,194510e-001
3,432815e+003;2,194690e-001
3,434744e+003;2,201562e-001
3,436673e+003;2,207830e-001
3,438601e+003;2,198649e-001
3,440530e+003;2,196933e-001
3,442458e+003;2,196722e-001
3,444387e+003;2,193868e-001
3,446315e+003;2,176379e-001
3,448244e+003;2,149258e-001
3,450172e+003;2,157717e-001
3,452101e+003;2,168644e-001
3,454030e+003;2,171317e-001
3,455958e+003;2,167773e-001
3,457886e+003;2,159514e-001
3,459815e+003;2,157969e-001
3,461744e+003;2,164303e-001
3,463672e+003;2,169696e-001
3,465601e+003;2,166194e-001
3,467529e+003;2,144590e-001
3,469458e+003;2,155308e-001
3,471386e+003;2,183567e-001
3,473315e+003;2,179024e-001
3,475243e+003;2,151785e-001
3,477172e+003;2,139643e-001
3,479101e+003;2,138165e-001
3,481029e+003;2,135898e-001
3,482958e+003;2,133959e-001
3,484886e+003;2,138914e-001
3,486815e+003;2,131813e-001
3,488743e+003;2,120439e-001
3,490672e+003;2,118420e-001
3,492600e+003;2,126521e-001
3,494529e+003;2,141077e-001
3,496458e+003;2,123562e-001
3,498386e+003;2,116442e-001
3,500315e+003;2,129196e-001
3,502243e+003;2,112606e-001
3,504172e+003;2,084802e-001
3,506100e+003;2,096533e-001
3,508029e+003;2,112135e-001
3,509957e+003;2,098192e-001
3,511886e+003;2,088573e-001
3,513814e+003;2,090823e-001
3,515743e+003;2,094375e-001
3,517672e+003;2,100110e-001
3,519600e+003;2,105999e-001
3,521529e+003;2,109857e-001
3,523457e+003;2,091262e-001
3,525386e+003;2,081512e-001
3,527314e+003;2,073588e-001
3,529243e+003;2,061944e-001
3,531171e+003;2,070308e-001
3,533100e+003;2,078501e-001
3,535029e+003;2,088412e-001
3,536957e+003;2,071287e-001
3,538885e+003;2,064385e-001
3,540814e+003;2,070087e-001
3,542743e+003;2,085044e-001
3,544671e+003;2,084960e-001
3,546600e+003;2,051872e-001
3,548528e+003;2,042136e-001
3,550457e+003;2,073340e-001
3,552385e+003;2,058475e-001
3,554314e+003;2,032024e-001
3,556242e+003;2,045738e-001
3,558171e+003;2,062361e-001
3,560100e+003;2,059496e-001
3,562028e+003;2,049189e-001
3,563957e+003;2,071423e-001
3,565885e+003;2,068983e-001
3,567814e+003;1,990982e-001
3,569742e+003;1,994281e-001
3,571671e+003;2,025928e-001
3,573599e+003;2,051363e-001
3,575528e+003;2,051251e-001
3,577457e+003;2,037134e-001
3,579385e+003;2,030177e-001
3,581314e+003;2,037072e-001
3,583242e+003;2,048018e-001
3,585171e+003;2,081079e-001
3,587099e+003;2,045055e-001
3,589028e+003;1,952489e-001
3,590956e+003;1,998976e-001
3,592885e+003;2,044890e-001
3,594813e+003;2,032606e-001
3,596742e+003;2,003824e-001
3,598671e+003;1,992169e-001
3,600599e+003;1,986092e-001
3,602528e+003;1,986572e-001
3,604456e+003;2,025835e-001
3,606385e+003;2,060192e-001
3,608313e+003;2,024959e-001
3,610242e+003;2,010639e-001
3,612170e+003;2,041916e-001
3,614099e+003;2,025549e-001
3,616028e+003;2,046949e-001
3,617956e+003;2,063058e-001
3,619885e+003;1,999699e-001
3,621813e+003;1,999498e-001
3,623742e+003;2,032696e-001
3,625670e+003;2,060998e-001
3,627599e+003;2,093465e-001
3,629527e+003;1,957883e-001
3,631456e+003;1,953269e-001
3,633385e+003;1,979109e-001
3,635313e+003;1,979184e-001
3,637241e+003;1,995770e-001
3,639170e+003;1,996579e-001
3,641099e+003;2,007538e-001
3,643027e+003;2,001370e-001
3,644956e+003;2,041239e-001
3,646884e+003;2,084255e-001
3,648813e+003;2,017886e-001
3,650741e+003;1,920533e-001
3,652670e+003;1,937246e-001
3,654598e+003;1,995395e-001
3,656527e+003;1,967129e-001
3,658456e+003;1,957550e-001
3,660384e+003;1,970939e-001
3,662313e+003;1,962658e-001
3,664241e+003;1,973501e-001
3,666170e+003;2,023618e-001
3,668098e+003;2,084390e-001
3,670027e+003;1,982958e-001
3,671955e+003;1,941176e-001
3,673884e+003;2,041802e-001
3,675813e+003;1,944099e-001
3,677741e+003;1,902930e-001
3,679669e+003;1,916265e-001
3,681598e+003;1,945098e-001
3,683527e+003;1,980250e-001
3,685455e+003;2,001285e-001
3,687384e+003;2,035066e-001
3,689312e+003;1,965093e-001
3,691241e+003;1,879796e-001
3,693169e+003;1,899683e-001
3,695098e+003;1,952893e-001
3,697026e+003;1,971540e-001
3,698955e+003;1,997403e-001
3,700884e+003;2,005791e-001
3,702812e+003;1,950485e-001
3,704741e+003;1,953594e-001
3,706669e+003;1,989518e-001
3,708598e+003;2,041860e-001
3,710526e+003;2,023341e-001
3,712455e+003;1,903537e-001
3,714383e+003;1,910928e-001
3,716312e+003;1,947611e-001
3,718240e+003;1,955441e-001
3,720169e+003;1,956026e-001
3,722098e+003;1,953109e-001
3,724026e+003;1,957475e-001
3,725955e+003;1,957742e-001
3,727883e+003;1,927541e-001
3,729812e+003;1,977888e-001
3,731740e+003;2,036979e-001
3,733669e+003;2,032946e-001
3,735597e+003;1,928442e-001
3,737526e+003;1,879138e-001
3,739455e+003;1,931551e-001
3,741383e+003;1,974519e-001
3,743312e+003;1,999275e-001
3,745240e+003;1,877011e-001
3,747169e+003;1,917103e-001
3,749097e+003;2,001701e-001
3,751026e+003;1,919388e-001
3,752954e+003;1,881655e-001
3,754883e+003;1,949873e-001
3,756812e+003;1,992493e-001
3,758740e+003;1,958583e-001
3,760668e+003;1,915900e-001
3,762597e+003;1,957692e-001
3,764526e+003;1,978868e-001
3,766454e+003;1,960541e-001
3,768383e+003;1,993733e-001
3,770311e+003;1,940093e-001
3,772240e+003;1,915650e-001
3,774168e+003;1,939160e-001
3,776097e+003;1,962776e-001
3,778025e+003;1,978963e-001
3,779954e+003;1,944221e-001
3,781883e+003;1,955425e-001
3,783811e+003;1,976566e-001
3,785740e+003;1,946080e-001
3,787668e+003;1,957133e-001
3,789597e+003;1,968258e-001
3,791525e+003;1,973673e-001
3,793454e+003;1,996918e-001
3,795382e+003;2,011328e-001
3,797311e+003;1,964091e-001
3,799240e+003;2,001223e-001
3,801168e+003;1,981340e-001
3,803097e+003;1,904407e-001
3,805025e+003;1,981816e-001
3,806954e+003;1,955233e-001
3,808882e+003;1,910597e-001
3,810811e+003;1,946650e-001
3,812739e+003;1,989552e-001
3,814668e+003;2,027956e-001
3,816596e+003;1,974016e-001
3,818525e+003;1,998794e-001
3,820454e+003;1,962490e-001
3,822382e+003;1,830885e-001
3,824311e+003;1,920180e-001
3,826239e+003;1,963252e-001
3,828168e+003;1,952151e-001
3,830096e+003;1,984067e-001
3,832025e+003;1,981900e-001
3,833953e+003;1,988992e-001
3,835882e+003;2,025696e-001
3,837811e+003;2,000966e-001
3,839739e+003;1,911113e-001
3,841667e+003;1,915959e-001
3,843596e+003;1,923486e-001
3,845525e+003;1,914705e-001
3,847453e+003;1,945498e-001
3,849382e+003;1,992645e-001
3,851310e+003;2,065409e-001
3,853239e+003;1,893039e-001
3,855167e+003;1,802992e-001
3,857096e+003;1,902602e-001
3,859024e+003;1,969811e-001
3,860953e+003;2,011061e-001
3,862882e+003;2,000185e-001
3,864810e+003;1,950056e-001
3,866739e+003;1,963346e-001
3,868667e+003;2,014116e-001
3,870596e+003;1,930133e-001
3,872524e+003;1,946521e-001
3,874453e+003;1,909847e-001
3,876381e+003;1,917867e-001
3,878310e+003;1,985355e-001
3,880239e+003;1,987356e-001
3,882167e+003;1,962934e-001
3,884096e+003;2,000381e-001
3,886024e+003;1,940671e-001
3,887953e+003;1,944291e-001
3,889881e+003;1,997864e-001
3,891810e+003;1,934095e-001
3,893738e+003;1,922107e-001
3,895667e+003;1,974392e-001
3,897595e+003;2,002051e-001
3,899524e+003;1,983581e-001
3,901453e+003;1,994746e-001
3,903381e+003;1,987490e-001
3,905310e+003;1,909514e-001
3,907238e+003;1,922247e-001
3,909167e+003;1,952242e-001
3,911095e+003;1,956678e-001
3,913024e+003;1,963481e-001
3,914952e+003;1,984449e-001
3,916881e+003;1,972218e-001
3,918810e+003;1,944419e-001
3,920738e+003;1,946068e-001
3,922667e+003;1,984040e-001
3,924595e+003;1,983887e-001
3,926524e+003;1,958238e-001
3,928452e+003;1,972781e-001
3,930381e+003;1,975548e-001
3,932309e+003;1,965800e-001
3,934238e+003;1,966625e-001
3,936167e+003;1,982070e-001
3,938095e+003;1,985005e-001
3,940023e+003;2,002233e-001
3,941952e+003;2,006070e-001
3,943881e+003;1,980576e-001
3,945809e+003;1,998342e-001
3,947738e+003;2,002901e-001
3,949666e+003;1,979194e-001
3,951595e+003;1,981383e-001
3,953523e+003;1,990666e-001
3,955452e+003;1,986553e-001
3,957380e+003;1,979776e-001
3,959309e+003;1,977866e-001
3,961238e+003;1,988296e-001
3,963166e+003;1,986382e-001
3,965095e+003;1,983856e-001
3,967023e+003;1,990261e-001
3,968952e+003;1,985880e-001
3,970880e+003;1,979073e-001
3,972809e+003;1,982499e-001
3,974737e+003;1,977949e-001
3,976666e+003;1,971261e-001
3,978594e+003;1,969098e-001
3,980523e+003;1,976597e-001
3,982452e+003;1,986547e-001
3,984380e+003;1,999405e-001
3,986309e+003;2,017336e-001
3,988237e+003;2,016161e-001
3,990166e+003;2,015419e-001
3,992094e+003;2,025523e-001
3,994023e+003;2,025239e-001
3,995951e+003;2,010350e-001
3,997880e+003;2,013131e-001
3,999809e+003;2,027786e-001
4,001737e+003;0,000000e+000
