6.749918212889999722e+02,1.592277999999999923e-03
6.769203693010000507e+02,-2.578300000000000031e-05
6.788489173130000154e+02,5.256459999999999475e-04
6.807774653249999801e+02,1.863155999999999927e-03
6.827060133369999448e+02,3.019757000000000084e-03
6.846345613480000338e+02,3.472409999999999993e-03
6.865631093599999986e+02,3.497338999999999917e-03
6.884916573719999633e+02,3.446063999999999985e-03
6.904202053840000417e+02,3.927627000000000375e-03
6.923487533960000064e+02,4.676922000000000024e-03
6.942773014079999712e+02,5.585910999999999828e-03
6.962058494200000496e+02,6.430520000000000333e-03
6.981343974310000249e+02,6.858228000000000067e-03
7.000629454429999896e+02,6.846917999999999581e-03
7.019914934549999543e+02,6.589010999999999653e-03
7.039200414670000328e+02,6.216924999999999882e-03
7.058485894789999975e+02,6.483881999999999840e-03
7.077771374909999622e+02,7.751410999999999718e-03
7.097056855030000406e+02,9.514488999999999239e-03
7.116342335150000054e+02,1.069365599999999930e-02
7.135627815259999807e+02,1.127335399999999932e-02
7.154913295379999454e+02,1.136298600000000027e-02
7.174198775500000238e+02,1.091592199999999978e-02
7.193484255619999885e+02,1.050986200000000002e-02
7.212769735739999533e+02,1.061088699999999940e-02
7.232055215860000317e+02,1.087479000000000050e-02
7.251340695979999964e+02,1.134868699999999966e-02
7.270626176099999611e+02,1.183360299999999983e-02
7.289911656210000501e+02,1.202794800000000011e-02
7.309197136330000149e+02,1.162548400000000016e-02
7.328482616449999796e+02,1.122489599999999983e-02
7.347768096569999443e+02,1.127951100000000074e-02
7.367053576690000227e+02,1.183090000000000010e-02
7.386339056809999875e+02,1.252945599999999958e-02
7.405624536929999522e+02,1.311776700000000066e-02
7.424910017040000412e+02,1.342777300000000049e-02
7.444195497160000059e+02,1.379551099999999988e-02
7.463480977279999706e+02,1.445584599999999963e-02
7.482766457400000490e+02,1.519216800000000069e-02
7.502051937520000138e+02,1.573705300000000085e-02
7.521337417639999785e+02,1.620536100000000146e-02
7.540622897759999432e+02,1.655607900000000132e-02
7.559908377880000216e+02,1.686726499999999934e-02
7.579193857989999970e+02,1.696622899999999934e-02
7.598479338109999617e+02,1.688257199999999847e-02
7.617764818230000401e+02,1.696931000000000134e-02
7.637050298350000048e+02,1.729247199999999970e-02
7.656335778469999696e+02,1.765622600000000056e-02
7.675621258590000480e+02,1.793399600000000066e-02
7.694906738710000127e+02,1.793815199999999888e-02
7.714192218819999880e+02,1.766334099999999907e-02
7.733477698939999527e+02,1.739628600000000039e-02
7.752763179060000311e+02,1.749739100000000103e-02
7.772048659179999959e+02,1.793191400000000019e-02
7.791334139299999606e+02,1.843712999999999949e-02
7.810619619420000390e+02,1.887646100000000063e-02
7.829905099540000037e+02,1.916578600000000063e-02
7.849190579659999685e+02,1.911294800000000113e-02
7.868476059769999438e+02,1.910734700000000022e-02
7.887761539890000222e+02,1.947600000000000026e-02
7.907047020009999869e+02,2.017269699999999985e-02
7.926332500129999517e+02,2.088568700000000000e-02
7.945617980250000301e+02,2.147123199999999982e-02
7.964903460369999948e+02,2.199232599999999954e-02
7.984188940489999595e+02,2.249648799999999851e-02
8.003474420610000379e+02,2.351772599999999921e-02
8.022759900720000132e+02,2.558182900000000037e-02
8.042045380839999780e+02,2.813395499999999869e-02
8.061330860960000564e+02,3.035901699999999856e-02
8.080616341080000211e+02,3.135496399999999906e-02
8.099901821199999858e+02,3.059261300000000114e-02
8.119187301319999506e+02,2.832272099999999862e-02
8.138472781440000290e+02,2.577768999999999894e-02
8.157758261550000043e+02,2.410598499999999991e-02
8.177043741669999690e+02,2.343025099999999916e-02
8.196329221790000474e+02,2.334816600000000006e-02
8.215614701910000122e+02,2.348611700000000080e-02
8.234900182029999769e+02,2.359271199999999832e-02
8.254185662150000553e+02,2.387665799999999852e-02
8.273471142270000200e+02,2.450054000000000121e-02
8.292756622389999848e+02,2.534396200000000113e-02
8.312042102499999601e+02,2.590197099999999933e-02
8.331327582620000385e+02,2.707893000000000105e-02
8.350613062740000032e+02,3.124250500000000028e-02
8.369898542859999679e+02,3.819371399999999667e-02
8.389184022980000464e+02,4.443868599999999808e-02
8.408469503100000111e+02,4.664169600000000332e-02
8.427754983219999758e+02,4.355886600000000164e-02
8.447040463329999511e+02,3.671822000000000280e-02
8.466325943450000295e+02,2.941826700000000142e-02
8.485611423569999943e+02,2.502257399999999882e-02
8.504896903689999590e+02,2.407961299999999971e-02
8.524182383810000374e+02,2.414376799999999948e-02
8.543467863930000021e+02,2.382285300000000147e-02
8.562753344049999669e+02,2.332800999999999972e-02
8.582038824170000453e+02,2.273251100000000038e-02
8.601324304280000206e+02,2.240400799999999956e-02
8.620609784399999853e+02,2.256413700000000147e-02
8.639895264519999500e+02,2.327320899999999956e-02
8.659180744640000285e+02,2.436609899999999870e-02
8.678466224759999932e+02,2.586896899999999860e-02
8.697751704879999579e+02,2.804670899999999953e-02
8.717037185000000363e+02,3.102813999999999919e-02
8.736322665110000116e+02,3.419095300000000309e-02
8.755608145229999764e+02,3.655193400000000120e-02
8.774893625350000548e+02,3.699381999999999671e-02
8.794179105470000195e+02,3.525447799999999882e-02
8.813464585589999842e+02,3.215027599999999847e-02
8.832750065709999490e+02,2.886220800000000031e-02
8.852035545830000274e+02,2.622082300000000074e-02
8.871321025949999921e+02,2.474025599999999867e-02
8.890606506059999674e+02,2.430078199999999994e-02
8.909891986180000458e+02,2.487160799999999991e-02
8.929177466300000106e+02,2.657456299999999896e-02
8.948462946419999753e+02,2.924630400000000074e-02
8.967748426540000537e+02,3.189524299999999674e-02
8.987033906660000184e+02,3.331036899999999940e-02
9.006319386779999832e+02,3.301919300000000224e-02
9.025604866899999479e+02,3.107104100000000063e-02
9.044890347010000369e+02,2.824784400000000112e-02
9.064175827130000016e+02,2.603967500000000171e-02
9.083461307249999663e+02,2.500869899999999882e-02
9.102746787370000447e+02,2.477507300000000162e-02
9.122032267490000095e+02,2.478711499999999845e-02
9.141317747609999742e+02,2.486442200000000061e-02
9.160603227730000526e+02,2.493097400000000158e-02
9.179888707840000279e+02,2.490636099999999839e-02
9.199174187959999927e+02,2.505687800000000118e-02
9.218459668079999574e+02,2.546488699999999855e-02
9.237745148200000358e+02,2.580073700000000067e-02
9.257030628320000005e+02,2.613466799999999979e-02
9.276316108439999653e+02,2.654430600000000015e-02
9.295601588560000437e+02,2.707079600000000114e-02
9.314887068680000084e+02,2.783185200000000067e-02
9.334172548789999837e+02,2.889737300000000050e-02
9.353458028909999484e+02,3.005153899999999864e-02
9.372743509030000268e+02,3.107570899999999997e-02
9.392028989149999916e+02,3.187450800000000278e-02
9.411314469269999563e+02,3.240309699999999876e-02
9.430599949390000347e+02,3.257051100000000338e-02
9.449885429509999994e+02,3.252641900000000086e-02
9.469170909619999748e+02,3.247794899999999901e-02
9.488456389740000532e+02,3.254035100000000208e-02
9.507741869860000179e+02,3.282741799999999710e-02
9.527027349979999826e+02,3.354510299999999973e-02
9.546312830099999474e+02,3.451416999999999680e-02
9.565598310220000258e+02,3.552424500000000290e-02
9.584883790339999905e+02,3.662467700000000131e-02
9.604169270459999552e+02,3.795955699999999794e-02
9.623454750570000442e+02,3.977214200000000338e-02
9.642740230690000089e+02,4.305799300000000274e-02
9.662025710809999737e+02,4.931277800000000155e-02
9.681311190930000521e+02,5.846704199999999685e-02
9.700596671050000168e+02,6.785678100000000490e-02
9.719882151169999815e+02,7.382997900000000391e-02
9.739167631289999463e+02,7.383572300000000588e-02
9.758453111410000247e+02,6.797405300000000650e-02
9.777738591520000000e+02,5.912434300000000281e-02
9.797024071639999647e+02,5.119733099999999870e-02
9.816309551760000431e+02,4.633172199999999880e-02
9.835595031880000079e+02,4.442231700000000283e-02
9.854880511999999726e+02,4.446689399999999986e-02
9.874165992120000510e+02,4.573001699999999781e-02
9.893451472240000157e+02,4.860733099999999668e-02
9.912736952349999910e+02,5.414578300000000288e-02
9.932022432469999558e+02,6.202537600000000012e-02
9.951307912590000342e+02,6.958156799999999642e-02
9.970593392709999989e+02,7.349298099999999889e-02
9.989878872829999636e+02,7.209248799999999624e-02
1.000916435295000042e+03,6.606118399999999502e-02
1.002844983307000007e+03,5.836226399999999703e-02
1.004773531318999972e+03,5.226698500000000192e-02
1.006702079329999947e+03,4.897922300000000229e-02
1.008630627342000025e+03,4.763363300000000161e-02
1.010559175353999990e+03,4.702287499999999870e-02
1.012487723365999955e+03,4.662720100000000006e-02
1.014416271378000033e+03,4.633157300000000089e-02
1.016344819389999998e+03,4.605286900000000322e-02
1.018273367401999963e+03,4.581829199999999658e-02
1.020201915413000052e+03,4.558338599999999657e-02
1.022130463425000016e+03,4.543593900000000158e-02
1.024059011436999981e+03,4.546906099999999812e-02
1.025987559448999946e+03,4.562896100000000260e-02
1.027916107460999910e+03,4.585811100000000001e-02
1.029844655473000103e+03,4.607935600000000187e-02
1.031773203485000067e+03,4.623021199999999969e-02
1.033701751497000032e+03,4.630177500000000335e-02
1.035630299508000007e+03,4.630175200000000157e-02
1.037558847519999972e+03,4.650932900000000203e-02
1.039487395531999937e+03,4.715096600000000249e-02
1.041415943543999902e+03,4.799563800000000019e-02
1.043344491556000094e+03,4.848321500000000311e-02
1.045273039568000058e+03,4.826931999999999751e-02
1.047201587580000023e+03,4.745969500000000313e-02
1.049130135591999988e+03,4.633850199999999669e-02
1.051058683602999963e+03,4.517230400000000340e-02
1.052987231614999928e+03,4.432275499999999840e-02
1.054915779626999893e+03,4.379895000000000316e-02
1.056844327639000085e+03,4.337830100000000105e-02
1.058772875651000049e+03,4.304234299999999680e-02
1.060701423663000014e+03,4.280919999999999864e-02
1.062629971674999979e+03,4.256660500000000041e-02
1.064558519685999954e+03,4.228101299999999924e-02
1.066487067697999919e+03,4.194283499999999776e-02
1.068415615710000111e+03,4.167077300000000123e-02
1.070344163722000076e+03,4.141917500000000252e-02
1.072272711734000040e+03,4.113307199999999969e-02
1.074201259746000005e+03,4.076309100000000130e-02
1.076129807757999970e+03,4.036429200000000300e-02
1.078058355769999935e+03,3.999012300000000242e-02
1.079986903780999910e+03,3.966188100000000299e-02
1.081915451793000102e+03,3.933465900000000098e-02
1.083843999805000067e+03,3.908056800000000303e-02
1.085772547817000032e+03,3.894804799999999900e-02
1.087701095828999996e+03,3.904714100000000049e-02
1.089629643840999961e+03,3.927400300000000177e-02
1.091558191852999926e+03,3.944476699999999864e-02
1.093486739863999901e+03,3.953392399999999807e-02
1.095415287876000093e+03,3.988558100000000328e-02
1.097343835888000058e+03,4.062935300000000000e-02
1.099272383900000023e+03,4.144965500000000191e-02
1.101200931911999987e+03,4.198218100000000036e-02
1.103129479923999952e+03,4.189940500000000068e-02
1.105058027935999917e+03,4.098255199999999848e-02
1.106986575948000109e+03,3.959904599999999886e-02
1.108915123959000084e+03,3.834976600000000041e-02
1.110843671971000049e+03,3.747273200000000165e-02
1.112772219983000014e+03,3.680490699999999782e-02
1.114700767994999978e+03,3.622929400000000216e-02
1.116629316006999943e+03,3.579208600000000073e-02
1.118557864018999908e+03,3.543556099999999737e-02
1.120486412031000100e+03,3.511677299999999696e-02
1.122414960043000065e+03,3.494115899999999941e-02
1.124343508054000040e+03,3.491397599999999934e-02
1.126272056066000005e+03,3.496612600000000015e-02
1.128200604077999969e+03,3.508262699999999817e-02
1.130129152089999934e+03,3.535991200000000029e-02
1.132057700101999899e+03,3.582301699999999867e-02
1.133986248114000091e+03,3.640460200000000118e-02
1.135914796126000056e+03,3.711897100000000060e-02
1.137843344137000031e+03,3.818182999999999994e-02
1.139771892148999996e+03,3.963351999999999847e-02
1.141700440160999960e+03,4.143523100000000292e-02
1.143628988172999925e+03,4.356284800000000124e-02
1.145557536184999890e+03,4.597064900000000232e-02
1.147486084197000082e+03,4.848101700000000125e-02
1.149414632209000047e+03,5.083891399999999894e-02
1.151343180221000011e+03,5.284217000000000081e-02
1.153271728231999987e+03,5.443966399999999872e-02
1.155200276243999951e+03,5.570893400000000162e-02
1.157128824255999916e+03,5.705240699999999943e-02
1.159057372268000108e+03,5.911230299999999799e-02
1.160985920280000073e+03,6.252154699999999676e-02
1.162914468292000038e+03,6.706255699999999487e-02
1.164843016304000002e+03,7.121632999999999436e-02
1.166771564314999978e+03,7.290755200000000047e-02
1.168700112326999943e+03,7.067009800000000064e-02
1.170628660338999907e+03,6.469622999999999347e-02
1.172557208351000099e+03,5.676559400000000255e-02
1.174485756363000064e+03,4.929617800000000299e-02
1.176414304375000029e+03,4.388777499999999693e-02
1.178342852386999994e+03,4.059514000000000178e-02
1.180271400398999958e+03,3.877833900000000195e-02
1.182199948409999934e+03,3.780752799999999997e-02
1.184128496421999898e+03,3.722700100000000262e-02
1.186057044434000090e+03,3.689933599999999786e-02
1.187985592446000055e+03,3.678073400000000243e-02
1.189914140458000020e+03,3.682967999999999659e-02
1.191842688469999985e+03,3.688342499999999746e-02
1.193771236481999949e+03,3.687368299999999738e-02
1.195699784493999914e+03,3.689161299999999671e-02
1.197628332504999889e+03,3.689209400000000028e-02
1.199556880517000081e+03,3.695654100000000247e-02
1.201485428529000046e+03,3.718308699999999661e-02
1.203413976541000011e+03,3.744427100000000119e-02
1.205342524552999976e+03,3.762198199999999826e-02
1.207271072564999940e+03,3.778377200000000019e-02
1.209199620576999905e+03,3.806940799999999903e-02
1.211128168588000108e+03,3.852801399999999932e-02
1.213056716600000073e+03,3.915263000000000077e-02
1.214985264612000037e+03,3.981392799999999843e-02
1.216913812624000002e+03,4.025078900000000209e-02
1.218842360635999967e+03,4.041106600000000243e-02
1.220770908647999931e+03,4.026365700000000131e-02
1.222699456659999896e+03,3.981484500000000148e-02
1.224628004672000088e+03,3.927114599999999983e-02
1.226556552683000064e+03,3.877971699999999827e-02
1.228485100695000028e+03,3.840380499999999919e-02
1.230413648706999993e+03,3.817228599999999972e-02
1.232342196718999958e+03,3.812518000000000157e-02
1.234270744730999922e+03,3.820554200000000206e-02
1.236199292742999887e+03,3.825071499999999763e-02
1.238127840755000079e+03,3.836087500000000261e-02
1.240056388766000055e+03,3.865056099999999994e-02
1.241984936778000019e+03,3.909738699999999734e-02
1.243913484789999984e+03,3.956937800000000227e-02
1.245842032801999949e+03,4.003028200000000036e-02
1.247770580813999914e+03,4.088403699999999807e-02
1.249699128826000106e+03,4.264740300000000039e-02
1.251627676838000070e+03,4.517686700000000249e-02
1.253556224850000035e+03,4.746608399999999867e-02
1.255484772861000010e+03,4.823429900000000131e-02
1.257413320872999975e+03,4.690863599999999661e-02
1.259341868884999940e+03,4.395056900000000183e-02
1.261270416896999905e+03,4.079808299999999888e-02
1.263198964909000097e+03,3.864141199999999998e-02
1.265127512921000061e+03,3.768863900000000294e-02
1.267056060933000026e+03,3.743053600000000036e-02
1.268984608944000001e+03,3.730137599999999720e-02
1.270913156955999966e+03,3.717650799999999700e-02
1.272841704967999931e+03,3.716253900000000138e-02
1.274770252979999896e+03,3.726982699999999843e-02
1.276698800992000088e+03,3.753444200000000119e-02
1.278627349004000052e+03,3.783367599999999664e-02
1.280555897016000017e+03,3.821780200000000211e-02
1.282484445027999982e+03,3.869220200000000193e-02
1.284412993038999957e+03,3.919292600000000293e-02
1.286341541050999922e+03,3.983623900000000245e-02
1.288270089062999887e+03,4.083285899999999913e-02
1.290198637075000079e+03,4.222256700000000251e-02
1.292127185087000043e+03,4.377429199999999937e-02
1.294055733099000008e+03,4.504088700000000167e-02
1.295984281110999973e+03,4.596233699999999894e-02
1.297912829122999938e+03,4.704063399999999784e-02
1.299841377133999913e+03,4.860451799999999933e-02
1.301769925146000105e+03,5.004547200000000057e-02
1.303698473158000070e+03,5.026539399999999796e-02
1.305627021170000035e+03,4.864744800000000285e-02
1.307555569181999999e+03,4.565710900000000128e-02
1.309484117193999964e+03,4.261989100000000003e-02
1.311412665205999929e+03,4.084335599999999733e-02
1.313341213216999904e+03,4.072646099999999852e-02
1.315269761229000096e+03,4.151862900000000134e-02
1.317198309241000061e+03,4.238157299999999877e-02
1.319126857253000026e+03,4.320394999999999791e-02
1.321055405264999990e+03,4.419408400000000153e-02
1.322983953276999955e+03,4.552682899999999783e-02
1.324912501288999920e+03,4.709849900000000200e-02
1.326841049301000112e+03,4.860680600000000240e-02
1.328769597312000087e+03,4.973298300000000144e-02
1.330698145324000052e+03,5.017571199999999731e-02
1.332626693336000017e+03,4.987813199999999864e-02
1.334555241347999981e+03,4.924892599999999843e-02
1.336483789359999946e+03,4.882741699999999796e-02
1.338412337371999911e+03,4.893558499999999672e-02
1.340340885384000103e+03,4.967458200000000185e-02
1.342269433395000078e+03,5.106910299999999764e-02
1.344197981407000043e+03,5.309282600000000268e-02
1.346126529419000008e+03,5.560503499999999710e-02
1.348055077430999972e+03,5.836681600000000192e-02
1.349983625442999937e+03,6.184569399999999967e-02
1.351912173454999902e+03,6.654015900000000150e-02
1.353840721467000094e+03,7.233087700000000175e-02
1.355769269479000059e+03,7.828403300000000287e-02
1.357697817490000034e+03,8.258484300000000500e-02
1.359626365501999999e+03,8.402732000000000256e-02
1.361554913513999963e+03,8.256661899999999388e-02
1.363483461525999928e+03,8.025354899999999347e-02
1.365412009537999893e+03,8.008450999999999764e-02
1.367340557550000085e+03,8.361515399999999709e-02
1.369269105562000050e+03,9.243706599999999829e-02
1.371197653574000014e+03,1.055454160000000030e-01
1.373126201584999990e+03,1.195914520000000009e-01
1.375054749596999955e+03,1.300352070000000138e-01
1.376983297608999919e+03,1.326323600000000047e-01
1.378911845621000111e+03,1.262721569999999960e-01
1.380840393633000076e+03,1.130326910000000046e-01
1.382768941645000041e+03,9.703072199999999981e-02
1.384697489657000006e+03,8.307495700000000483e-02
1.386626037667999981e+03,7.303986699999999443e-02
1.388554585679999946e+03,6.726700800000000313e-02
1.390483133691999910e+03,6.462735699999999639e-02
1.392411681704000102e+03,6.389092700000000014e-02
1.394340229716000067e+03,6.418242300000000233e-02
1.396268777728000032e+03,6.469686299999999335e-02
1.398197325739999997e+03,6.507946600000000248e-02
1.400125873751999961e+03,6.569769999999999777e-02
1.402054421762999937e+03,6.651579600000000203e-02
1.403982969774999901e+03,6.753029700000000302e-02
1.405911517787000093e+03,6.884316399999999836e-02
1.407840065799000058e+03,7.034636299999999509e-02
1.409768613811000023e+03,7.193048999999999971e-02
1.411697161822999988e+03,7.344559600000000188e-02
1.413625709834999952e+03,7.494462300000000188e-02
1.415554257845999928e+03,7.650134699999999732e-02
1.417482805857999892e+03,7.810290200000000183e-02
1.419411353870000084e+03,7.967451999999999868e-02
1.421339901882000049e+03,8.106586300000000189e-02
1.423268449894000014e+03,8.209442299999999970e-02
1.425196997905999979e+03,8.303385200000000521e-02
1.427125545917999943e+03,8.447006299999999801e-02
1.429054093929999908e+03,8.706399800000000355e-02
1.430982641941000111e+03,9.100070600000000065e-02
1.432911189953000076e+03,9.547477199999999942e-02
1.434839737965000040e+03,9.931378800000000007e-02
1.436768285977000005e+03,1.017979160000000022e-01
1.438696833988999970e+03,1.032512260000000015e-01
1.440625382000999934e+03,1.045669389999999976e-01
1.442553930012999899e+03,1.071052400000000043e-01
1.444482478025000091e+03,1.115074380000000004e-01
1.446411026036000067e+03,1.170528230000000003e-01
1.448339574048000031e+03,1.221048309999999970e-01
1.450268122059999996e+03,1.260522749999999914e-01
1.452196670071999961e+03,1.287163050000000031e-01
1.454125218083999926e+03,1.298214639999999975e-01
1.456053766095999890e+03,1.296569409999999978e-01
1.457982314108000082e+03,1.293583809999999945e-01
1.459910862119000058e+03,1.282507479999999978e-01
1.461839410131000022e+03,1.256153730000000024e-01
1.463767958142999987e+03,1.212443259999999995e-01
1.465696506154999952e+03,1.166396289999999947e-01
1.467625054166999917e+03,1.106976489999999952e-01
1.469553602179000109e+03,1.031929109999999983e-01
1.471482150191000073e+03,9.472423000000000648e-02
1.473410698203000038e+03,8.612874199999999425e-02
1.475339246214000013e+03,7.806798099999999463e-02
1.477267794225999978e+03,7.177803700000000287e-02
1.479196342237999943e+03,6.762494099999999397e-02
1.481124890249999908e+03,6.487326300000000046e-02
1.483053438262000100e+03,6.209787399999999735e-02
1.484981986274000064e+03,5.977442100000000119e-02
1.486910534286000029e+03,5.755639399999999684e-02
1.488839082297000004e+03,5.581378599999999718e-02
1.490767630308999969e+03,5.422288599999999792e-02
1.492696178320999934e+03,5.250381300000000334e-02
1.494624726332999899e+03,5.067987000000000186e-02
1.496553274345000091e+03,4.876063800000000198e-02
1.498481822357000055e+03,4.702067000000000052e-02
1.500410370369000020e+03,4.591885999999999884e-02
1.502338918380999985e+03,4.490439599999999920e-02
1.504267466391999960e+03,4.396260899999999971e-02
1.506196014403999925e+03,4.287158700000000267e-02
1.508124562415999890e+03,4.183606799999999709e-02
1.510053110428000082e+03,4.122931900000000038e-02
1.511981658440000047e+03,4.118878799999999701e-02
1.513910206452000011e+03,4.151933599999999697e-02
1.515838754463999976e+03,4.145130500000000079e-02
1.517767302475999941e+03,4.076847100000000057e-02
1.519695850486999916e+03,4.057668899999999912e-02
1.521624398499000108e+03,4.052526499999999782e-02
1.523552946511000073e+03,4.065138100000000032e-02
1.525481494523000038e+03,4.092418800000000023e-02
1.527410042535000002e+03,4.112884800000000257e-02
1.529338590546999967e+03,4.122470300000000143e-02
1.531267138558999932e+03,4.135790500000000036e-02
1.533195686569999907e+03,4.160837099999999816e-02
1.535124234582000099e+03,4.187521300000000141e-02
1.537052782594000064e+03,4.195766199999999974e-02
1.538981330606000029e+03,4.198843599999999704e-02
1.540909878617999993e+03,4.187489999999999962e-02
1.542838426629999958e+03,4.163472399999999796e-02
1.544766974641999923e+03,4.116366800000000048e-02
1.546695522653999888e+03,4.065513600000000144e-02
1.548624070665000090e+03,4.010534300000000163e-02
1.550552618677000055e+03,3.915154199999999751e-02
1.552481166689000020e+03,3.908085499999999768e-02
1.554409714700999984e+03,3.951956300000000061e-02
1.556338262712999949e+03,3.984149900000000244e-02
1.558266810724999914e+03,3.979695600000000139e-02
1.560195358737000106e+03,3.914715700000000187e-02
1.562123906748000081e+03,3.812742200000000109e-02
1.564052454760000046e+03,3.706246600000000224e-02
1.565981002772000011e+03,3.653494599999999870e-02
1.567909550783999975e+03,3.680175499999999850e-02
1.569838098795999940e+03,3.660728800000000172e-02
1.571766646807999905e+03,3.634024400000000071e-02
1.573695194820000097e+03,3.600904299999999753e-02
1.575623742832000062e+03,3.565509599999999724e-02
1.577552290843000037e+03,3.534007100000000068e-02
1.579480838855000002e+03,3.495563599999999826e-02
1.581409386866999967e+03,3.452072700000000105e-02
1.583337934878999931e+03,3.416459599999999847e-02
1.585266482890999896e+03,3.387890000000000346e-02
1.587195030903000088e+03,3.364419200000000332e-02
1.589123578915000053e+03,3.372702000000000339e-02
1.591052126927000018e+03,3.390190399999999660e-02
1.592980674937999993e+03,3.407006700000000249e-02
1.594909222949999958e+03,3.437354399999999893e-02
1.596837770961999922e+03,3.489410899999999954e-02
1.598766318973999887e+03,3.544501600000000280e-02
1.600694866986000079e+03,3.583358600000000060e-02
1.602623414998000044e+03,3.602413100000000090e-02
1.604551963010000009e+03,3.614501700000000151e-02
1.606480511020999984e+03,3.614757600000000071e-02
1.608409059032999949e+03,3.617832800000000265e-02
1.610337607044999913e+03,3.632699000000000344e-02
1.612266155057000105e+03,3.617015900000000034e-02
1.614194703069000070e+03,3.565649700000000227e-02
1.616123251081000035e+03,3.510132400000000319e-02
1.618051799093000000e+03,3.459110099999999910e-02
1.619980347104999964e+03,3.417639399999999883e-02
1.621908895115999940e+03,3.384319300000000058e-02
1.623837443127999904e+03,3.361679199999999951e-02
1.625765991140000096e+03,3.334031600000000178e-02
1.627694539152000061e+03,3.294920199999999688e-02
1.629623087164000026e+03,3.286878000000000022e-02
1.631551635175999991e+03,3.302186700000000336e-02
1.633480183187999955e+03,3.319087300000000268e-02
1.635408731198999931e+03,3.334056199999999720e-02
1.637337279210999895e+03,3.334088600000000013e-02
1.639265827223000088e+03,3.338275500000000007e-02
1.641194375235000052e+03,3.356509700000000207e-02
1.643122923247000017e+03,3.359939900000000201e-02
1.645051471258999982e+03,3.356624799999999992e-02
1.646980019270999946e+03,3.368160900000000124e-02
1.648908567282999911e+03,3.354290499999999786e-02
1.650837115293999886e+03,3.318215199999999948e-02
1.652765663306000079e+03,3.271700100000000250e-02
1.654694211318000043e+03,3.231555600000000222e-02
1.656622759330000008e+03,3.200856600000000218e-02
1.658551307341999973e+03,3.175789500000000126e-02
1.660479855353999938e+03,3.169740699999999689e-02
1.662408403365999902e+03,3.165860499999999939e-02
1.664336951377000105e+03,3.137331100000000095e-02
1.666265499389000070e+03,3.103540100000000065e-02
1.668194047401000034e+03,3.070664799999999958e-02
1.670122595412999999e+03,3.036126899999999976e-02
1.672051143424999964e+03,2.987971000000000030e-02
1.673979691436999929e+03,2.925255699999999848e-02
1.675908239448999893e+03,2.892990000000000145e-02
1.677836787461000085e+03,2.933657400000000068e-02
1.679765335472000061e+03,2.961388200000000109e-02
1.681693883484000025e+03,2.966888399999999953e-02
1.683622431495999990e+03,2.944768000000000038e-02
1.685550979507999955e+03,2.867716400000000151e-02
1.687479527519999920e+03,2.780406499999999934e-02
1.689408075532000112e+03,2.745855000000000171e-02
1.691336623544000076e+03,2.759400199999999942e-02
1.693265171556000041e+03,2.775874000000000050e-02
1.695193719567000016e+03,2.730373700000000153e-02
1.697122267578999981e+03,2.674006300000000141e-02
1.699050815590999946e+03,2.606691400000000006e-02
1.700979363602999911e+03,2.554885700000000121e-02
1.702907911615000103e+03,2.543793100000000043e-02
1.704836459627000067e+03,2.554849000000000009e-02
1.706765007639000032e+03,2.542432000000000025e-02
1.708693555650000008e+03,2.526123799999999836e-02
1.710622103661999972e+03,2.514484700000000142e-02
1.712550651673999937e+03,2.484517500000000059e-02
1.714479199685999902e+03,2.430015599999999984e-02
1.716407747698000094e+03,2.380409299999999839e-02
1.718336295710000059e+03,2.354843699999999845e-02
1.720264843722000023e+03,2.349527699999999844e-02
1.722193391733999988e+03,2.360153400000000040e-02
1.724121939744999963e+03,2.365519300000000144e-02
1.726050487756999928e+03,2.344073199999999885e-02
1.727979035768999893e+03,2.323360699999999987e-02
1.729907583781000085e+03,2.320457199999999970e-02
1.731836131793000050e+03,2.319137199999999829e-02
1.733764679805000014e+03,2.309929800000000075e-02
1.735693227816999979e+03,2.295131400000000044e-02
1.737621775827999954e+03,2.277040899999999840e-02
1.739550323839999919e+03,2.265156999999999934e-02
1.741478871852000111e+03,2.274514199999999944e-02
1.743407419864000076e+03,2.291772900000000127e-02
1.745335967876000041e+03,2.286940599999999837e-02
1.747264515888000005e+03,2.279672599999999980e-02
1.749193063899999970e+03,2.264035099999999953e-02
1.751121611911999935e+03,2.243771799999999886e-02
1.753050159922999910e+03,2.227351600000000015e-02
1.754978707935000102e+03,2.217910400000000157e-02
1.756907255947000067e+03,2.208204799999999995e-02
1.758835803959000032e+03,2.192931399999999836e-02
1.760764351970999996e+03,2.176371200000000103e-02
1.762692899982999961e+03,2.174492000000000091e-02
1.764621447994999926e+03,2.193494299999999841e-02
1.766549996006999891e+03,2.224167999999999978e-02
1.768478544018000093e+03,2.242070599999999858e-02
1.770407092030000058e+03,2.239398700000000061e-02
1.772335640042000023e+03,2.224659500000000095e-02
1.774264188053999987e+03,2.211934299999999964e-02
1.776192736065999952e+03,2.203097399999999831e-02
1.778121284077999917e+03,2.205241499999999882e-02
1.780049832090000109e+03,2.220256799999999892e-02
1.781978380101000084e+03,2.239214299999999977e-02
1.783906928113000049e+03,2.266375899999999860e-02
1.785835476125000014e+03,2.316119499999999901e-02
1.787764024136999979e+03,2.377342799999999923e-02
1.789692572148999943e+03,2.437855300000000072e-02
1.791621120160999908e+03,2.494172199999999950e-02
1.793549668173000100e+03,2.548349100000000048e-02
1.795478216185000065e+03,2.586849000000000093e-02
1.797406764196000040e+03,2.595684499999999922e-02
1.799335312208000005e+03,2.564506999999999898e-02
1.801263860219999970e+03,2.502690999999999943e-02
1.803192408231999934e+03,2.430468100000000159e-02
1.805120956243999899e+03,2.380849999999999980e-02
1.807049504256000091e+03,2.365120500000000153e-02
1.808978052268000056e+03,2.370704699999999845e-02
1.810906600279000031e+03,2.372306399999999857e-02
1.812835148290999996e+03,2.362950899999999993e-02
1.814763696302999961e+03,2.351241600000000126e-02
1.816692244314999925e+03,2.342463300000000026e-02
1.818620792326999890e+03,2.338533699999999910e-02
1.820549340339000082e+03,2.344687800000000086e-02
1.822477888351000047e+03,2.361022899999999994e-02
1.824406436363000012e+03,2.375176500000000107e-02
1.826334984373999987e+03,2.378318299999999941e-02
1.828263532385999952e+03,2.375065900000000035e-02
1.830192080397999916e+03,2.365571400000000130e-02
1.832120628410000108e+03,2.360163399999999981e-02
1.834049176422000073e+03,2.367724699999999849e-02
1.835977724434000038e+03,2.386529000000000081e-02
1.837906272446000003e+03,2.403289600000000151e-02
1.839834820457999967e+03,2.401728599999999880e-02
1.841763368468999943e+03,2.388184900000000013e-02
1.843691916480999907e+03,2.369382199999999980e-02
1.845620464493000100e+03,2.354584599999999875e-02
1.847549012505000064e+03,2.356027600000000152e-02
1.849477560517000029e+03,2.369009099999999993e-02
1.851406108528999994e+03,2.382447199999999932e-02
1.853334656540999958e+03,2.384732100000000118e-02
1.855263204551999934e+03,2.373663700000000140e-02
1.857191752563999898e+03,2.353344900000000142e-02
1.859120300576000091e+03,2.327447800000000122e-02
1.861048848588000055e+03,2.314607600000000154e-02
1.862977396600000020e+03,2.320955300000000082e-02
1.864905944611999985e+03,2.324289100000000163e-02
1.866834492623999950e+03,2.317052500000000084e-02
1.868763040635999914e+03,2.307484500000000008e-02
1.870691588646999890e+03,2.301056300000000124e-02
1.872620136659000082e+03,2.295774199999999973e-02
1.874548684671000046e+03,2.291972399999999896e-02
1.876477232683000011e+03,2.288756899999999997e-02
1.878405780694999976e+03,2.276084399999999883e-02
1.880334328706999941e+03,2.252073799999999848e-02
1.882262876718999905e+03,2.238492300000000101e-02
1.884191424730000108e+03,2.240354400000000093e-02
1.886119972742000073e+03,2.253216499999999983e-02
1.888048520754000037e+03,2.268322000000000047e-02
1.889977068766000002e+03,2.269937099999999944e-02
1.891905616777999967e+03,2.254292000000000101e-02
1.893834164789999932e+03,2.227660999999999877e-02
1.895762712801999896e+03,2.196730900000000083e-02
1.897691260814000088e+03,2.179207099999999966e-02
1.899619808825000064e+03,2.179824400000000134e-02
1.901548356837000028e+03,2.190616399999999880e-02
1.903476904848999993e+03,2.195989699999999906e-02
1.905405452860999958e+03,2.193696399999999977e-02
1.907334000872999923e+03,2.189609199999999894e-02
1.909262548884999887e+03,2.178661299999999981e-02
1.911191096897000079e+03,2.171490499999999962e-02
1.913119644909000044e+03,2.169161500000000090e-02
1.915048192920000020e+03,2.163860000000000089e-02
1.916976740931999984e+03,2.153586600000000073e-02
1.918905288943999949e+03,2.137544599999999934e-02
1.920833836955999914e+03,2.120492200000000105e-02
1.922762384968000106e+03,2.103664499999999965e-02
1.924690932980000071e+03,2.096007999999999899e-02
1.926619480992000035e+03,2.095593700000000087e-02
1.928548029003000011e+03,2.084272900000000081e-02
1.930476577014999975e+03,2.067040300000000039e-02
1.932405125026999940e+03,2.048339299999999905e-02
1.934333673038999905e+03,2.032875500000000044e-02
1.936262221051000097e+03,2.030114499999999961e-02
1.938190769063000062e+03,2.035076200000000141e-02
1.940119317075000026e+03,2.038168200000000166e-02
1.942047865086999991e+03,2.029966399999999851e-02
1.943976413097999966e+03,2.017409699999999848e-02
1.945904961109999931e+03,2.006122800000000039e-02
1.947833509121999896e+03,1.997102799999999831e-02
1.949762057134000088e+03,1.990797199999999947e-02
1.951690605146000053e+03,1.980861500000000164e-02
1.953619153158000017e+03,1.972015400000000016e-02
1.955547701169999982e+03,1.967966599999999844e-02
1.957476249180999957e+03,1.962614999999999846e-02
1.959404797192999922e+03,1.957386900000000068e-02
1.961333345204999887e+03,1.952577200000000027e-02
1.963261893217000079e+03,1.948926999999999951e-02
1.965190441229000044e+03,1.942049900000000079e-02
1.967118989241000008e+03,1.935179199999999961e-02
1.969047537252999973e+03,1.930855999999999892e-02
1.970976085264999938e+03,1.917854299999999929e-02
1.972904633275999913e+03,1.901232300000000111e-02
1.974833181288000105e+03,1.889505199999999899e-02
1.976761729300000070e+03,1.875660399999999964e-02
1.978690277312000035e+03,1.859466499999999980e-02
1.980618825323999999e+03,1.844594399999999884e-02
1.982547373335999964e+03,1.835677800000000068e-02
1.984475921347999929e+03,1.834705999999999837e-02
1.986404469359999894e+03,1.840075299999999886e-02
1.988333017371000096e+03,1.846606699999999920e-02
1.990261565383000061e+03,1.850705199999999953e-02
1.992190113395000026e+03,1.843151999999999985e-02
1.994118661406999991e+03,1.827088699999999954e-02
1.996047209418999955e+03,1.808924599999999980e-02
1.997975757430999920e+03,1.799073799999999917e-02
1.999904305443000112e+03,1.799011000000000013e-02
2.001832853454000087e+03,1.800821699999999997e-02
2.003761401466000052e+03,1.801051000000000041e-02
2.005689949478000017e+03,1.804750199999999999e-02
2.007618497489999982e+03,1.812811900000000156e-02
2.009547045501999946e+03,1.829548599999999969e-02
2.011475593513999911e+03,1.843469600000000042e-02
2.013404141526000103e+03,1.844120000000000134e-02
2.015332689538000068e+03,1.832385500000000000e-02
2.017261237549000043e+03,1.819010500000000155e-02
2.019189785561000008e+03,1.817383399999999982e-02
2.021118333572999973e+03,1.825002599999999905e-02
2.023046881584999937e+03,1.837470800000000001e-02
2.024975429596999902e+03,1.855105500000000032e-02
2.026903977609000094e+03,1.872868499999999839e-02
2.028832525621000059e+03,1.887184000000000084e-02
2.030761073632000034e+03,1.892309600000000036e-02
2.032689621643999999e+03,1.881436300000000061e-02
2.034618169655999964e+03,1.862414399999999873e-02
2.036546717667999928e+03,1.845697099999999910e-02
2.038475265679999893e+03,1.840235999999999955e-02
2.040403813692000085e+03,1.839860899999999980e-02
2.042332361704000050e+03,1.839052899999999921e-02
2.044260909716000015e+03,1.844583500000000070e-02
2.046189457726999990e+03,1.851940200000000078e-02
2.048118005739000182e+03,1.856133299999999930e-02
2.050046553750999919e+03,1.856855899999999837e-02
2.051975101763000112e+03,1.848584600000000022e-02
2.053903649774999849e+03,1.836861299999999891e-02
2.055832197787000041e+03,1.828366500000000103e-02
2.057760745798999778e+03,1.826141599999999907e-02
2.059689293809999981e+03,1.827621299999999949e-02
2.061617841822000173e+03,1.822804800000000017e-02
2.063546389833999910e+03,1.817949099999999901e-02
2.065474937846000103e+03,1.817893199999999834e-02
2.067403485857999840e+03,1.818852500000000053e-02
2.069332033870000032e+03,1.815531800000000015e-02
2.071260581882000224e+03,1.813555099999999976e-02
2.073189129893999961e+03,1.821939100000000145e-02
2.075117677905000164e+03,1.835212500000000038e-02
2.077046225916999902e+03,1.844623700000000074e-02
2.078974773929000094e+03,1.850734799999999985e-02
2.080903321940999831e+03,1.855861799999999895e-02
2.082831869953000023e+03,1.861689399999999842e-02
2.084760417965000215e+03,1.872897100000000051e-02
2.086688965976999953e+03,1.886537099999999884e-02
2.088617513989000145e+03,1.894153100000000103e-02
2.090546061999999893e+03,1.900443400000000060e-02
2.092474610012000085e+03,1.913480299999999884e-02
2.094403158023999822e+03,1.932807500000000012e-02
2.096331706036000014e+03,1.955867700000000001e-02
2.098260254048000206e+03,1.973572200000000068e-02
2.100188802059999944e+03,1.982670300000000108e-02
2.102117350072000136e+03,1.986104799999999920e-02
2.104045898082999884e+03,1.990931300000000140e-02
2.105974446095000076e+03,1.998452100000000162e-02
2.107902994106999813e+03,2.005973999999999952e-02
2.109831542119000005e+03,2.016624100000000142e-02
2.111760090131000197e+03,2.030218599999999984e-02
2.113688638142999935e+03,2.037523499999999849e-02
2.115617186155000127e+03,2.035129999999999925e-02
2.117545734166999864e+03,2.026746000000000103e-02
2.119474282178000067e+03,2.019386899999999971e-02
2.121402830189999804e+03,2.021429300000000123e-02
2.123331378201999996e+03,2.039649500000000060e-02
2.125259926214000188e+03,2.072146899999999931e-02
2.127188474225999926e+03,2.104766300000000118e-02
2.129117022238000118e+03,2.128769999999999968e-02
2.131045570249999855e+03,2.139494899999999991e-02
2.132974118261000058e+03,2.130810400000000132e-02
2.134902666272999795e+03,2.100637699999999969e-02
2.136831214284999987e+03,2.062586500000000017e-02
2.138759762297000179e+03,2.038625399999999949e-02
2.140688310308999917e+03,2.033453600000000028e-02
2.142616858321000109e+03,2.038585199999999945e-02
2.144545406332999846e+03,2.045058300000000134e-02
2.146473954345000038e+03,2.050236600000000103e-02
2.148402502355999786e+03,2.053722399999999976e-02
2.150331050367999978e+03,2.054761700000000066e-02
2.152259598380000170e+03,2.056822599999999848e-02
2.154188146391999908e+03,2.059707399999999994e-02
2.156116694404000100e+03,2.060444300000000006e-02
2.158045242415999837e+03,2.066606099999999946e-02
2.159973790428000029e+03,2.083159199999999947e-02
2.161902338440000221e+03,2.107726399999999833e-02
2.163830886450999969e+03,2.128607199999999963e-02
2.165759434463000161e+03,2.141790099999999961e-02
2.167687982474999899e+03,2.154638099999999987e-02
2.169616530487000091e+03,2.167251499999999984e-02
2.171545078498999828e+03,2.175131300000000129e-02
2.173473626511000020e+03,2.179293499999999939e-02
2.175402174523000213e+03,2.182857699999999831e-02
2.177330722533999960e+03,2.188559099999999938e-02
2.179259270546000153e+03,2.194929899999999851e-02
2.181187818557999890e+03,2.201505600000000160e-02
2.183116366570000082e+03,2.211369800000000108e-02
2.185044914581999819e+03,2.220871699999999935e-02
2.186973462594000011e+03,2.225698699999999891e-02
2.188902010606000204e+03,2.226029900000000075e-02
2.190830558617999941e+03,2.226927500000000157e-02
2.192759106629000144e+03,2.233889299999999856e-02
2.194687654640999881e+03,2.247203099999999995e-02
2.196616202653000073e+03,2.261474000000000123e-02
2.198544750664999810e+03,2.270839499999999928e-02
2.200473298677000002e+03,2.268460200000000163e-02
2.202401846689000195e+03,2.257425199999999951e-02
2.204330394700999932e+03,2.251037399999999966e-02
2.206258942712000135e+03,2.250861900000000054e-02
2.208187490723999872e+03,2.247907999999999851e-02
2.210116038736000064e+03,2.247618499999999922e-02
2.212044586747999801e+03,2.250367400000000129e-02
2.213973134759999994e+03,2.252971600000000171e-02
2.215901682772000186e+03,2.256542099999999870e-02
2.217830230783999923e+03,2.257442999999999950e-02
2.219758778796000115e+03,2.254688700000000157e-02
2.221687326806999863e+03,2.251362100000000102e-02
2.223615874819000055e+03,2.255304199999999884e-02
2.225544422830999792e+03,2.271605700000000130e-02
2.227472970842999985e+03,2.293483199999999875e-02
2.229401518855000177e+03,2.317717899999999914e-02
2.231330066866999914e+03,2.334788600000000172e-02
2.233258614879000106e+03,2.334745800000000149e-02
2.235187162890999844e+03,2.323884099999999966e-02
2.237115710902000046e+03,2.309157100000000171e-02
2.239044258913999784e+03,2.299284899999999923e-02
2.240972806925999976e+03,2.297730900000000132e-02
2.242901354938000168e+03,2.306126600000000040e-02
2.244829902949999905e+03,2.327437499999999992e-02
2.246758450962000097e+03,2.352629200000000073e-02
2.248686998973999835e+03,2.375637900000000108e-02
2.250615546985000037e+03,2.394360699999999870e-02
2.252544094996999775e+03,2.407234000000000110e-02
2.254472643008999967e+03,2.414301799999999873e-02
2.256401191021000159e+03,2.412730600000000114e-02
2.258329739032999896e+03,2.404016600000000170e-02
2.260258287045000088e+03,2.394054099999999921e-02
2.262186835056999826e+03,2.385392199999999963e-02
2.264115383069000018e+03,2.384450299999999953e-02
2.266043931080000220e+03,2.393005399999999921e-02
2.267972479091999958e+03,2.404466599999999926e-02
2.269901027104000150e+03,2.406903000000000167e-02
2.271829575115999887e+03,2.398089700000000102e-02
2.273758123128000079e+03,2.388920799999999858e-02
2.275686671139999817e+03,2.385740700000000061e-02
2.277615219152000009e+03,2.379562899999999870e-02
2.279543767163000211e+03,2.369451699999999827e-02
2.281472315174999949e+03,2.361957500000000029e-02
2.283400863187000141e+03,2.359354500000000049e-02
2.285329411198999878e+03,2.366031700000000015e-02
2.287257959211000070e+03,2.387305699999999961e-02
2.289186507222999808e+03,2.420512000000000011e-02
2.291115055235000000e+03,2.446236300000000086e-02
2.293043603247000192e+03,2.452132099999999870e-02
2.294972151257999940e+03,2.449958600000000028e-02
2.296900699270000132e+03,2.448201699999999828e-02
2.298829247281999869e+03,2.451777299999999965e-02
2.300757795294000061e+03,2.464330899999999866e-02
2.302686343305999799e+03,2.485512399999999927e-02
2.304614891317999991e+03,2.509896799999999928e-02
2.306543439330000183e+03,2.527474199999999935e-02
2.308471987341999920e+03,2.539490000000000150e-02
2.310400535353000123e+03,2.552049199999999879e-02
2.312329083364999860e+03,2.564043699999999856e-02
2.314257631377000052e+03,2.586676900000000126e-02
2.316186179388999790e+03,2.617441699999999843e-02
2.318114727400999982e+03,2.645867299999999853e-02
2.320043275413000174e+03,2.689687500000000064e-02
2.321971823424999911e+03,2.740190600000000018e-02
2.323900371436000114e+03,2.791567500000000090e-02
2.325828919447999851e+03,2.843663100000000041e-02
2.327757467460000044e+03,2.873397600000000135e-02
2.329686015471999781e+03,2.875250000000000028e-02
2.331614563483999973e+03,2.863561900000000104e-02
2.333543111496000165e+03,2.868763200000000110e-02
2.335471659507999902e+03,2.879372399999999971e-02
2.337400207520000095e+03,2.871311799999999928e-02
2.339328755530999842e+03,2.873834000000000111e-02
2.341257303543000035e+03,2.864628799999999892e-02
2.343185851555000227e+03,2.830929899999999957e-02
2.345114399566999964e+03,2.805213100000000098e-02
2.347042947579000156e+03,2.817181300000000041e-02
2.348971495590999893e+03,2.876639199999999827e-02
2.350900043603000086e+03,2.940580599999999961e-02
2.352828591613999833e+03,2.996539299999999989e-02
2.354757139626000026e+03,3.024510500000000129e-02
2.356685687638000218e+03,3.012568700000000169e-02
2.358614235649999955e+03,3.014783899999999919e-02
2.360542783662000147e+03,3.072710899999999898e-02
2.362471331673999885e+03,3.170176999999999717e-02
2.364399879686000077e+03,3.234205799999999992e-02
2.366328427697999814e+03,3.197603999999999724e-02
2.368256975709000017e+03,3.088814999999999963e-02
2.370185523721000209e+03,2.954311499999999827e-02
2.372114071732999946e+03,2.841574300000000025e-02
2.374042619745000138e+03,2.785083699999999982e-02
2.375971167756999876e+03,2.778696300000000133e-02
2.377899715769000068e+03,2.778565300000000043e-02
2.379828263780999805e+03,2.759177999999999978e-02
2.381756811792999997e+03,2.722598199999999927e-02
2.383685359804000200e+03,2.689652699999999994e-02
2.385613907815999937e+03,2.668817000000000064e-02
2.387542455828000129e+03,2.657904300000000011e-02
2.389471003839999867e+03,2.660166099999999867e-02
2.391399551852000059e+03,2.668307300000000160e-02
2.393328099863999796e+03,2.674583900000000042e-02
2.395256647875999988e+03,2.682808000000000068e-02
2.397185195887000191e+03,2.688625500000000126e-02
2.399113743898999928e+03,2.691981599999999919e-02
2.401042291911000120e+03,2.691655000000000089e-02
2.402970839922999858e+03,2.688030900000000153e-02
2.404899387935000050e+03,2.685915300000000019e-02
2.406827935946999787e+03,2.684584400000000065e-02
2.408756483958999979e+03,2.685845099999999847e-02
2.410685031971000171e+03,2.679836199999999918e-02
2.412613579981999919e+03,2.664840400000000054e-02
2.414542127994000111e+03,2.652614199999999908e-02
2.416470676005999849e+03,2.651425300000000151e-02
2.418399224018000041e+03,2.662451799999999980e-02
2.420327772029999778e+03,2.679105099999999975e-02
2.422256320041999970e+03,2.695286100000000157e-02
2.424184868054000162e+03,2.707199399999999853e-02
2.426113416064999910e+03,2.716630299999999928e-02
2.428041964077000102e+03,2.724754799999999991e-02
2.429970512088999840e+03,2.725215599999999960e-02
2.431899060101000032e+03,2.717906200000000036e-02
2.433827608113000224e+03,2.701229800000000056e-02
2.435756156124999961e+03,2.682355200000000051e-02
2.437684704137000153e+03,2.672831300000000007e-02
2.439613252148999891e+03,2.673959500000000142e-02
2.441541800160000093e+03,2.677906899999999910e-02
2.443470348171999831e+03,2.671114399999999917e-02
2.445398896184000023e+03,2.653880000000000128e-02
2.447327444196000215e+03,2.636906099999999920e-02
2.449255992207999952e+03,2.632788600000000173e-02
2.451184540220000144e+03,2.646382699999999880e-02
2.453113088231999882e+03,2.658031900000000156e-02
2.455041636243000085e+03,2.656335599999999977e-02
2.456970184254999822e+03,2.639963099999999979e-02
2.458898732267000014e+03,2.614252300000000084e-02
2.460827280279000206e+03,2.598058199999999859e-02
2.462755828290999943e+03,2.601424399999999887e-02
2.464684376303000136e+03,2.615113000000000160e-02
2.466612924314999873e+03,2.624147799999999864e-02
2.468541472327000065e+03,2.628216699999999864e-02
2.470470020337999813e+03,2.632316800000000095e-02
2.472398568350000005e+03,2.636244500000000171e-02
2.474327116362000197e+03,2.648446900000000007e-02
2.476255664373999934e+03,2.664480400000000110e-02
2.478184212386000127e+03,2.672764999999999863e-02
2.480112760397999864e+03,2.671603100000000119e-02
2.482041308410000056e+03,2.671388900000000108e-02
2.483969856421999793e+03,2.680846500000000007e-02
2.485898404432999996e+03,2.695659400000000039e-02
2.487826952445000188e+03,2.710180900000000101e-02
2.489755500456999926e+03,2.724437600000000070e-02
2.491684048469000118e+03,2.739293699999999915e-02
2.493612596480999855e+03,2.755666000000000018e-02
2.495541144493000047e+03,2.766265899999999917e-02
2.497469692504999784e+03,2.768308900000000100e-02
2.499398240515999987e+03,2.769198999999999966e-02
2.501326788528000179e+03,2.780788199999999905e-02
2.503255336539999917e+03,2.804778000000000132e-02
2.505183884552000109e+03,2.832975100000000024e-02
2.507112432563999846e+03,2.854785699999999940e-02
2.509040980576000038e+03,2.864697199999999971e-02
2.510969528587999775e+03,2.866331500000000171e-02
2.512898076599999968e+03,2.875920200000000107e-02
2.514826624611000170e+03,2.900870900000000058e-02
2.516755172622999908e+03,2.925388500000000030e-02
2.518683720635000100e+03,2.941713099999999914e-02
2.520612268646999837e+03,2.962767499999999915e-02
2.522540816659000029e+03,2.987604599999999985e-02
2.524469364671000221e+03,3.007911300000000107e-02
2.526397912682999959e+03,3.028292999999999957e-02
2.528326460694000161e+03,3.048611099999999977e-02
2.530255008705999899e+03,3.050055200000000022e-02
2.532183556718000091e+03,3.033973800000000151e-02
2.534112104729999828e+03,3.024842000000000156e-02
2.536040652742000020e+03,3.027536299999999958e-02
2.537969200754000212e+03,3.038046700000000128e-02
2.539897748765999950e+03,3.053822399999999923e-02
2.541826296778000142e+03,3.070432099999999970e-02
2.543754844788999890e+03,3.087800900000000140e-02
2.545683392801000082e+03,3.110301899999999911e-02
2.547611940812999819e+03,3.142696600000000062e-02
2.549540488825000011e+03,3.182842200000000205e-02
2.551469036837000203e+03,3.218600199999999828e-02
2.553397584848999941e+03,3.244803100000000218e-02
2.555326132861000133e+03,3.261491300000000232e-02
2.557254680872999870e+03,3.274229199999999923e-02
2.559183228884000073e+03,3.288129299999999894e-02
2.561111776895999810e+03,3.302262699999999884e-02
2.563040324908000002e+03,3.328112099999999685e-02
2.564968872920000194e+03,3.366767999999999844e-02
2.566897420931999932e+03,3.410259599999999891e-02
2.568825968944000124e+03,3.454791000000000112e-02
2.570754516955999861e+03,3.496677100000000066e-02
2.572683064967000064e+03,3.537500999999999840e-02
2.574611612978999801e+03,3.585634800000000316e-02
2.576540160990999993e+03,3.641014900000000276e-02
2.578468709003000185e+03,3.691938100000000111e-02
2.580397257014999923e+03,3.717764500000000222e-02
2.582325805027000115e+03,3.713846199999999709e-02
2.584254353038999852e+03,3.679898399999999986e-02
2.586182901051000044e+03,3.629432999999999965e-02
2.588111449061999792e+03,3.578870700000000293e-02
2.590039997073999984e+03,3.537285300000000271e-02
2.591968545086000177e+03,3.503279799999999694e-02
2.593897093097999914e+03,3.476222999999999813e-02
2.595825641110000106e+03,3.463893400000000317e-02
2.597754189121999843e+03,3.468770499999999923e-02
2.599682737134000035e+03,3.485631899999999672e-02
2.601611285144999783e+03,3.510358599999999912e-02
2.603539833156999975e+03,3.540131099999999781e-02
2.605468381169000168e+03,3.572558599999999668e-02
2.607396929180999905e+03,3.601804399999999906e-02
2.609325477193000097e+03,3.629854300000000256e-02
2.611254025204999834e+03,3.659542600000000034e-02
2.613182573217000026e+03,3.685424500000000075e-02
2.615111121229000219e+03,3.703697400000000028e-02
2.617039669239999967e+03,3.714620700000000053e-02
2.618968217252000159e+03,3.709146399999999760e-02
2.620896765263999896e+03,3.682716199999999662e-02
2.622825313276000088e+03,3.652235100000000151e-02
2.624753861287999825e+03,3.630767000000000022e-02
2.626682409300000018e+03,3.617962799999999840e-02
2.628610957312000210e+03,3.613419100000000300e-02
2.630539505323999947e+03,3.603940499999999658e-02
2.632468053335000150e+03,3.582265200000000344e-02
2.634396601346999887e+03,3.560609399999999786e-02
2.636325149359000079e+03,3.555677499999999880e-02
2.638253697370999816e+03,3.571905899999999745e-02
2.640182245383000009e+03,3.599011500000000308e-02
2.642110793395000201e+03,3.628615999999999786e-02
2.644039341406999938e+03,3.650144500000000042e-02
2.645967889418000141e+03,3.658169499999999741e-02
2.647896437429999878e+03,3.670107899999999757e-02
2.649824985442000070e+03,3.697766400000000037e-02
2.651753533453999808e+03,3.739881500000000192e-02
2.653682081466000000e+03,3.789812000000000042e-02
2.655610629478000192e+03,3.834898400000000263e-02
2.657539177489999929e+03,3.871346999999999983e-02
2.659467725502000121e+03,3.888935200000000203e-02
2.661396273512999869e+03,3.883932899999999883e-02
2.663324821525000061e+03,3.875859799999999827e-02
2.665253369536999799e+03,3.879000999999999977e-02
2.667181917548999991e+03,3.885548900000000000e-02
2.669110465561000183e+03,3.902322400000000219e-02
2.671039013572999920e+03,3.931969400000000225e-02
2.672967561585000112e+03,3.956474000000000102e-02
2.674896109595999860e+03,3.964486300000000241e-02
2.676824657608000052e+03,3.959231800000000134e-02
2.678753205619999790e+03,3.943533099999999708e-02
2.680681753631999982e+03,3.925594699999999937e-02
2.682610301644000174e+03,3.926765900000000337e-02
2.684538849655999911e+03,3.951143099999999964e-02
2.686467397668000103e+03,3.971084200000000314e-02
2.688395945679999841e+03,3.969167500000000265e-02
2.690324493691000043e+03,3.946760299999999694e-02
2.692253041702999781e+03,3.911291399999999863e-02
2.694181589714999973e+03,3.890732999999999692e-02
2.696110137727000165e+03,3.904768499999999865e-02
2.698038685738999902e+03,3.948275700000000027e-02
2.699967233751000094e+03,4.005438800000000327e-02
2.701895781762999832e+03,4.063107099999999777e-02
2.703824329775000024e+03,4.119825700000000201e-02
2.705752877786000226e+03,4.173885699999999727e-02
2.707681425797999964e+03,4.233136400000000327e-02
2.709609973810000156e+03,4.310606399999999949e-02
2.711538521821999893e+03,4.406005100000000285e-02
2.713467069834000085e+03,4.513577399999999656e-02
2.715395617845999823e+03,4.643242799999999781e-02
2.717324165858000015e+03,4.803643700000000127e-02
2.719252713869000218e+03,4.968784700000000026e-02
2.721181261880999955e+03,5.089887199999999778e-02
2.723109809893000147e+03,5.138605499999999993e-02
2.725038357904999884e+03,5.097291200000000216e-02
2.726966905917000076e+03,4.978660900000000250e-02
2.728895453928999814e+03,4.831496999999999875e-02
2.730824001941000006e+03,4.706861500000000115e-02
2.732752549953000198e+03,4.607584299999999827e-02
2.734681097963999946e+03,4.520676700000000187e-02
2.736609645976000138e+03,4.443285599999999974e-02
2.738538193987999875e+03,4.358981499999999704e-02
2.740466742000000067e+03,4.264944400000000163e-02
2.742395290011999805e+03,4.184376399999999857e-02
2.744323838023999997e+03,4.133741199999999699e-02
2.746252386036000189e+03,4.111699399999999699e-02
2.748180934046999937e+03,4.108075399999999711e-02
2.750109482059000129e+03,4.117273500000000197e-02
2.752038030070999866e+03,4.125129400000000085e-02
2.753966578083000059e+03,4.121718199999999804e-02
2.755895126094999796e+03,4.123870999999999787e-02
2.757823674106999988e+03,4.141327000000000202e-02
2.759752222119000180e+03,4.174168400000000112e-02
2.761680770130999917e+03,4.220746799999999799e-02
2.763609318142000120e+03,4.278791299999999687e-02
2.765537866153999857e+03,4.335551299999999830e-02
2.767466414166000050e+03,4.376057900000000084e-02
2.769394962177999787e+03,4.400572199999999712e-02
2.771323510189999979e+03,4.423209699999999800e-02
2.773252058202000171e+03,4.456836399999999920e-02
2.775180606213999909e+03,4.512962000000000223e-02
2.777109154226000101e+03,4.593632699999999902e-02
2.779037702236999849e+03,4.687891500000000017e-02
2.780966250249000041e+03,4.784956199999999826e-02
2.782894798260999778e+03,4.893607299999999660e-02
2.784823346272999970e+03,5.030167099999999919e-02
2.786751894285000162e+03,5.200743299999999875e-02
2.788680442296999900e+03,5.388753100000000240e-02
2.790608990309000092e+03,5.562023099999999914e-02
2.792537538319999840e+03,5.702877800000000219e-02
2.794466086332000032e+03,5.811672999999999839e-02
2.796394634344000224e+03,5.905065699999999945e-02
2.798323182355999961e+03,6.006585400000000186e-02
2.800251730368000153e+03,6.139864400000000222e-02
2.802180278379999891e+03,6.319725499999999385e-02
2.804108826392000083e+03,6.533355300000000254e-02
2.806037374403999820e+03,6.748446099999999559e-02
2.807965922415000023e+03,6.942201400000000411e-02
2.809894470427000215e+03,7.105425699999999567e-02
2.811823018438999952e+03,7.257077100000000613e-02
2.813751566451000144e+03,7.419945999999999486e-02
2.815680114462999882e+03,7.608134299999999572e-02
2.817608662475000074e+03,7.828118700000000207e-02
2.819537210486999811e+03,8.078295700000000246e-02
2.821465758498000014e+03,8.375708799999999343e-02
2.823394306510000206e+03,8.751788700000000254e-02
2.825322854521999943e+03,9.224468500000000681e-02
2.827251402534000135e+03,9.816171199999999819e-02
2.829179950545999873e+03,1.052797510000000047e-01
2.831108498558000065e+03,1.131213310000000055e-01
2.833037046569999802e+03,1.206577790000000067e-01
2.834965594581999994e+03,1.266731769999999979e-01
2.836894142593000197e+03,1.303410080000000082e-01
2.838822690604999934e+03,1.314864609999999989e-01
2.840751238617000126e+03,1.304716770000000081e-01
2.842679786628999864e+03,1.280709359999999963e-01
2.844608334641000056e+03,1.252088699999999999e-01
2.846536882652999793e+03,1.226408110000000024e-01
2.848465430664999985e+03,1.205727230000000066e-01
2.850393978676000188e+03,1.187924000000000063e-01
2.852322526687999925e+03,1.170688200000000040e-01
2.854251074700000117e+03,1.154588909999999941e-01
2.856179622711999855e+03,1.145557390000000036e-01
2.858108170724000047e+03,1.152366249999999953e-01
2.860036718735999784e+03,1.179496119999999953e-01
2.861965266747999976e+03,1.220605300000000004e-01
2.863893814760000168e+03,1.262684609999999985e-01
2.865822362770999916e+03,1.293727309999999908e-01
2.867750910783000108e+03,1.306845100000000037e-01
2.869679458794999846e+03,1.306574940000000129e-01
2.871608006807000038e+03,1.302759649999999936e-01
2.873536554818999775e+03,1.302327359999999878e-01
2.875465102830999967e+03,1.306830350000000029e-01
2.877393650843000160e+03,1.311696019999999963e-01
2.879322198854999897e+03,1.312281489999999884e-01
2.881250746866000100e+03,1.307324019999999976e-01
2.883179294877999837e+03,1.299608349999999968e-01
2.885107842890000029e+03,1.293193850000000089e-01
2.887036390902000221e+03,1.288726779999999905e-01
2.888964938913999958e+03,1.286665200000000064e-01
2.890893486926000151e+03,1.287066940000000104e-01
2.892822034937999888e+03,1.290920530000000122e-01
2.894750582949000091e+03,1.299130470000000037e-01
2.896679130960999828e+03,1.311146169999999889e-01
2.898607678973000020e+03,1.325207949999999968e-01
2.900536226985000212e+03,1.338846529999999924e-01
2.902464774996999950e+03,1.351569890000000052e-01
2.904393323009000142e+03,1.361633389999999943e-01
2.906321871020999879e+03,1.368281990000000115e-01
2.908250419033000071e+03,1.373629570000000077e-01
2.910178967043999819e+03,1.378557380000000054e-01
2.912107515056000011e+03,1.382936979999999927e-01
2.914036063068000203e+03,1.386547680000000116e-01
2.915964611079999941e+03,1.389705390000000040e-01
2.917893159092000133e+03,1.392555530000000041e-01
2.919821707103999870e+03,1.394584769999999974e-01
2.921750255116000062e+03,1.396213169999999948e-01
2.923678803126999810e+03,1.396984609999999960e-01
2.925607351139000002e+03,1.395588959999999878e-01
2.927535899151000194e+03,1.392049489999999945e-01
2.929464447162999932e+03,1.386953589999999903e-01
2.931392995175000124e+03,1.379448769999999935e-01
2.933321543186999861e+03,1.368774030000000086e-01
2.935250091199000053e+03,1.356067659999999897e-01
2.937178639210999791e+03,1.344292159999999903e-01
2.939107187221999993e+03,1.338745650000000009e-01
2.941035735234000185e+03,1.342889820000000012e-01
2.942964283245999923e+03,1.355468479999999976e-01
2.944892831258000115e+03,1.371359380000000128e-01
2.946821379269999852e+03,1.383676829999999913e-01
2.948749927282000044e+03,1.389274749999999947e-01
2.950678475293999782e+03,1.389723419999999987e-01
2.952607023305999974e+03,1.387417320000000065e-01
2.954535571317000176e+03,1.385142209999999929e-01
2.956464119328999914e+03,1.385009439999999870e-01
2.958392667341000106e+03,1.386480029999999919e-01
2.960321215352999843e+03,1.387430580000000024e-01
2.962249763365000035e+03,1.385477330000000062e-01
2.964178311377000227e+03,1.379036610000000107e-01
2.966106859388999965e+03,1.363943960000000011e-01
2.968035407400000167e+03,1.334780010000000128e-01
2.969963955411999905e+03,1.289601619999999893e-01
2.971892503424000097e+03,1.229278590000000004e-01
2.973821051435999834e+03,1.156741230000000037e-01
2.975749599448000026e+03,1.077359989999999990e-01
2.977678147460000218e+03,9.977676000000000600e-02
2.979606695471999956e+03,9.229695100000000207e-02
2.981535243484000148e+03,8.551006799999999464e-02
2.983463791494999896e+03,7.949637599999999360e-02
2.985392339507000088e+03,7.418827699999999692e-02
2.987320887518999825e+03,6.946183699999999850e-02
2.989249435531000017e+03,6.518287200000000281e-02
2.991177983543000209e+03,6.127366100000000010e-02
2.993106531554999947e+03,5.781778700000000243e-02
2.995035079567000139e+03,5.492221199999999803e-02
2.996963627577999887e+03,5.255812399999999773e-02
2.998892175590000079e+03,5.053057500000000118e-02
3.000820723601999816e+03,4.868728299999999787e-02
3.002749271614000008e+03,4.703344799999999853e-02
3.004677819626000201e+03,4.551973599999999814e-02
3.006606367637999938e+03,4.414195600000000302e-02
3.008534915650000130e+03,4.299095599999999684e-02
3.010463463661999867e+03,4.204626399999999986e-02
3.012392011673000070e+03,4.115957800000000222e-02
3.014320559684999807e+03,4.031924900000000145e-02
3.016249107696999999e+03,3.957937699999999892e-02
3.018177655709000192e+03,3.895871000000000056e-02
3.020106203720999929e+03,3.845515800000000317e-02
3.022034751733000121e+03,3.808237600000000111e-02
3.023963299744999858e+03,3.783824699999999847e-02
3.025891847757000050e+03,3.761787300000000306e-02
3.027820395767999798e+03,3.725805900000000309e-02
3.029748943779999991e+03,3.674680000000000307e-02
3.031677491792000183e+03,3.618941099999999772e-02
3.033606039803999920e+03,3.565770399999999840e-02
3.035534587816000112e+03,3.525786799999999777e-02
3.037463135827999849e+03,3.499345899999999759e-02
3.039391683840000042e+03,3.476698699999999920e-02
3.041320231850999789e+03,3.454931099999999922e-02
3.043248779862999982e+03,3.440158799999999684e-02
3.045177327875000174e+03,3.428125800000000195e-02
3.047105875886999911e+03,3.409265400000000001e-02
3.049034423899000103e+03,3.387903400000000231e-02
3.050962971910999840e+03,3.378703100000000209e-02
3.052891519923000033e+03,3.373337900000000084e-02
3.054820067935000225e+03,3.364882999999999763e-02
3.056748615945999973e+03,3.359190399999999882e-02
3.058677163958000165e+03,3.351317300000000027e-02
3.060605711969999902e+03,3.342409100000000299e-02
3.062534259982000094e+03,3.339720899999999715e-02
3.064462807993999832e+03,3.329286000000000051e-02
3.066391356006000024e+03,3.297492900000000005e-02
3.068319904018000216e+03,3.250708800000000342e-02
3.070248452028999964e+03,3.210784500000000291e-02
3.072177000041000156e+03,3.197254599999999752e-02
3.074105548052999893e+03,3.209995100000000157e-02
3.076034096065000085e+03,3.236008399999999730e-02
3.077962644076999823e+03,3.258673499999999862e-02
3.079891192089000015e+03,3.267493500000000217e-02
3.081819740101000207e+03,3.262133200000000288e-02
3.083748288112999944e+03,3.244641399999999981e-02
3.085676836124000147e+03,3.225628299999999671e-02
3.087605384135999884e+03,3.218264900000000067e-02
3.089533932148000076e+03,3.224483899999999736e-02
3.091462480159999814e+03,3.238499899999999765e-02
3.093391028172000006e+03,3.257345799999999958e-02
3.095319576184000198e+03,3.261311399999999860e-02
3.097248124195999935e+03,3.256519900000000300e-02
3.099176672208000127e+03,3.253104899999999938e-02
3.101105220218999875e+03,3.247491300000000108e-02
3.103033768231000067e+03,3.244919000000000275e-02
3.104962316242999805e+03,3.248509799999999698e-02
3.106890864254999997e+03,3.251566000000000178e-02
3.108819412267000189e+03,3.250311300000000014e-02
3.110747960278999926e+03,3.246470500000000342e-02
3.112676508291000118e+03,3.253424199999999794e-02
3.114605056301999866e+03,3.265698300000000054e-02
3.116533604314000058e+03,3.277846100000000179e-02
3.118462152325999796e+03,3.291309600000000279e-02
3.120390700337999988e+03,3.312766200000000216e-02
3.122319248350000180e+03,3.350529099999999955e-02
3.124247796361999917e+03,3.393833000000000266e-02
3.126176344374000109e+03,3.425007699999999683e-02
3.128104892385999847e+03,3.448287399999999669e-02
3.130033440397000049e+03,3.465647300000000014e-02
3.131961988408999787e+03,3.475083400000000128e-02
3.133890536420999979e+03,3.486768199999999707e-02
3.135819084433000171e+03,3.510408500000000015e-02
3.137747632444999908e+03,3.528073100000000267e-02
3.139676180457000100e+03,3.532580300000000284e-02
3.141604728468999838e+03,3.536133500000000068e-02
3.143533276480000040e+03,3.539540199999999942e-02
3.145461824491999778e+03,3.533614100000000147e-02
3.147390372503999970e+03,3.524046799999999702e-02
3.149318920516000162e+03,3.520434000000000063e-02
3.151247468527999899e+03,3.515679800000000299e-02
3.153176016540000091e+03,3.509578099999999951e-02
3.155104564551999829e+03,3.511626300000000173e-02
3.157033112564000021e+03,3.515058800000000344e-02
3.158961660575000224e+03,3.519904199999999983e-02
3.160890208586999961e+03,3.525964200000000076e-02
3.162818756599000153e+03,3.528947400000000123e-02
3.164747304610999890e+03,3.535052799999999912e-02
3.166675852623000083e+03,3.546328099999999928e-02
3.168604400634999820e+03,3.565407899999999825e-02
3.170532948647000012e+03,3.581250099999999659e-02
3.172461496659000204e+03,3.586551899999999848e-02
3.174390044669999952e+03,3.591952500000000076e-02
3.176318592682000144e+03,3.589987000000000039e-02
3.178247140693999881e+03,3.582985000000000336e-02
3.180175688706000074e+03,3.578427099999999944e-02
3.182104236717999811e+03,3.571242799999999745e-02
3.184032784730000003e+03,3.569848099999999719e-02
3.185961332742000195e+03,3.584239300000000017e-02
3.187889880752999943e+03,3.608300200000000291e-02
3.189818428765000135e+03,3.628995299999999979e-02
3.191746976776999873e+03,3.628031500000000048e-02
3.193675524789000065e+03,3.610821799999999748e-02
3.195604072800999802e+03,3.583040800000000109e-02
3.197532620812999994e+03,3.557597500000000273e-02
3.199461168825000186e+03,3.546954699999999711e-02
3.201389716836999924e+03,3.538232699999999814e-02
3.203318264848000126e+03,3.531467499999999676e-02
3.205246812859999864e+03,3.533641199999999760e-02
3.207175360872000056e+03,3.533851400000000142e-02
3.209103908883999793e+03,3.522522699999999785e-02
3.211032456895999985e+03,3.495546100000000017e-02
3.212961004908000177e+03,3.450564300000000251e-02
3.214889552919999915e+03,3.392680399999999791e-02
3.216818100931000117e+03,3.345582600000000101e-02
3.218746648942999855e+03,3.318724800000000252e-02
3.220675196955000047e+03,3.308712300000000300e-02
3.222603744966999784e+03,3.311865399999999737e-02
3.224532292978999976e+03,3.319500000000000228e-02
3.226460840991000168e+03,3.314467900000000328e-02
3.228389389002999906e+03,3.292118399999999917e-02
3.230317937015000098e+03,3.265881500000000076e-02
3.232246485025999846e+03,3.239368299999999951e-02
3.234175033038000038e+03,3.219344799999999951e-02
3.236103581049999775e+03,3.220443399999999706e-02
3.238032129061999967e+03,3.228580200000000233e-02
3.239960677074000159e+03,3.222204699999999672e-02
3.241889225085999897e+03,3.206422200000000333e-02
3.243817773098000089e+03,3.196576599999999962e-02
3.245746321108999837e+03,3.187080800000000047e-02
3.247674869121000029e+03,3.178582700000000261e-02
3.249603417133000221e+03,3.181463500000000083e-02
3.251531965144999958e+03,3.184238100000000293e-02
3.253460513157000150e+03,3.179480900000000027e-02
3.255389061168999888e+03,3.178786100000000059e-02
3.257317609181000080e+03,3.194336999999999871e-02
3.259246157192999817e+03,3.215267900000000345e-02
3.261174705204000020e+03,3.234420699999999982e-02
3.263103253216000212e+03,3.253186899999999798e-02
3.265031801227999949e+03,3.251511199999999879e-02
3.266960349240000141e+03,3.228785800000000261e-02
3.268888897251999879e+03,3.211512799999999973e-02
3.270817445264000071e+03,3.207265599999999800e-02
3.272745993275999808e+03,3.211073899999999925e-02
3.274674541288000000e+03,3.223190799999999662e-02
3.276603089299000203e+03,3.239855900000000039e-02
3.278531637310999940e+03,3.252854599999999846e-02
3.280460185323000132e+03,3.256442799999999943e-02
3.282388733334999870e+03,3.263117000000000101e-02
3.284317281347000062e+03,3.277179599999999887e-02
3.286245829358999799e+03,3.290011400000000114e-02
3.288174377370999991e+03,3.301525500000000030e-02
3.290102925382000194e+03,3.306326999999999877e-02
3.292031473393999931e+03,3.301521400000000106e-02
3.293960021406000124e+03,3.293057499999999665e-02
3.295888569417999861e+03,3.285789499999999808e-02
3.297817117430000053e+03,3.286439900000000247e-02
3.299745665441999790e+03,3.289617200000000130e-02
3.301674213453999982e+03,3.291795399999999927e-02
3.303602761466000175e+03,3.299974700000000288e-02
3.305531309476999922e+03,3.311460100000000045e-02
3.307459857489000115e+03,3.319366599999999667e-02
3.309388405500999852e+03,3.305958199999999708e-02
3.311316953513000044e+03,3.276902400000000076e-02
3.313245501524999781e+03,3.257650899999999655e-02
3.315174049536999973e+03,3.253101199999999804e-02
3.317102597549000166e+03,3.272508500000000098e-02
3.319031145559999914e+03,3.310052699999999765e-02
3.320959693572000106e+03,3.342701900000000226e-02
3.322888241583999843e+03,3.357789700000000238e-02
3.324816789596000035e+03,3.361923599999999679e-02
3.326745337608000227e+03,3.368368000000000057e-02
3.328673885619999965e+03,3.374544499999999891e-02
3.330602433632000157e+03,3.378826800000000324e-02
3.332530981643999894e+03,3.396736799999999779e-02
3.334459529655000097e+03,3.415701899999999680e-02
3.336388077666999834e+03,3.437369299999999683e-02
3.338316625679000026e+03,3.467148500000000189e-02
3.340245173691000218e+03,3.488231800000000243e-02
3.342173721702999956e+03,3.492107600000000228e-02
3.344102269715000148e+03,3.485044799999999915e-02
3.346030817726999885e+03,3.472017499999999895e-02
3.347959365739000077e+03,3.465895399999999876e-02
3.349887913749999825e+03,3.471987299999999832e-02
3.351816461762000017e+03,3.500949600000000106e-02
3.353745009774000209e+03,3.535880100000000220e-02
3.355673557785999947e+03,3.549444300000000052e-02
3.357602105798000139e+03,3.543684600000000101e-02
3.359530653809999876e+03,3.530252700000000021e-02
3.361459201822000068e+03,3.519037700000000185e-02
3.363387749832999816e+03,3.515764700000000020e-02
3.365316297845000008e+03,3.517299100000000067e-02
3.367244845857000200e+03,3.523822900000000286e-02
3.369173393868999938e+03,3.524150699999999831e-02
3.371101941881000130e+03,3.513799199999999984e-02
3.373030489892999867e+03,3.518224500000000088e-02
3.374959037905000059e+03,3.534674299999999991e-02
3.376887585916999797e+03,3.542234400000000144e-02
3.378816133927999999e+03,3.538151500000000227e-02
3.380744681940000191e+03,3.535100099999999995e-02
3.382673229951999929e+03,3.531151300000000270e-02
3.384601777964000121e+03,3.515667499999999834e-02
3.386530325975999858e+03,3.498836599999999991e-02
3.388458873988000050e+03,3.490099700000000305e-02
3.390387421999999788e+03,3.491282799999999992e-02
3.392315970010999990e+03,3.517741700000000249e-02
3.394244518023000182e+03,3.559426200000000151e-02
3.396173066034999920e+03,3.599113999999999786e-02
3.398101614047000112e+03,3.626882299999999865e-02
3.400030162058999849e+03,3.642918199999999745e-02
3.401958710071000041e+03,3.640950099999999690e-02
3.403887258082999779e+03,3.625394800000000112e-02
3.405815806094999971e+03,3.612802899999999900e-02
3.407744354106000173e+03,3.599812799999999730e-02
3.409672902117999911e+03,3.593336400000000236e-02
3.411601450130000103e+03,3.606083599999999889e-02
3.413529998141999840e+03,3.621248199999999723e-02
3.415458546154000032e+03,3.633172800000000063e-02
3.417387094166000225e+03,3.642852199999999790e-02
3.419315642177999962e+03,3.646990299999999796e-02
3.421244190190000154e+03,3.639372400000000229e-02
3.423172738200999902e+03,3.632888199999999984e-02
3.425101286213000094e+03,3.637876699999999935e-02
3.427029834224999831e+03,3.642356000000000066e-02
3.428958382237000023e+03,3.642845499999999848e-02
3.430886930249000216e+03,3.647757699999999714e-02
3.432815478260999953e+03,3.641772299999999907e-02
3.434744026273000145e+03,3.628814999999999819e-02
3.436672574283999893e+03,3.614323600000000219e-02
3.438601122296000085e+03,3.601580499999999796e-02
3.440529670307999822e+03,3.602999400000000269e-02
3.442458218320000015e+03,3.617000199999999971e-02
3.444386766332000207e+03,3.634329900000000252e-02
3.446315314343999944e+03,3.641467500000000052e-02
3.448243862356000136e+03,3.627602399999999699e-02
3.450172410367999873e+03,3.603590300000000107e-02
3.452100958379000076e+03,3.586468500000000031e-02
3.454029506390999813e+03,3.586361200000000304e-02
3.455958054403000006e+03,3.599151200000000328e-02
3.457886602415000198e+03,3.607241099999999867e-02
3.459815150426999935e+03,3.609786200000000139e-02
3.461743698439000127e+03,3.601064500000000085e-02
3.463672246450999864e+03,3.581794399999999740e-02
3.465600794462000067e+03,3.567359600000000186e-02
3.467529342473999804e+03,3.559817700000000168e-02
3.469457890485999997e+03,3.550225099999999856e-02
3.471386438498000189e+03,3.548444099999999851e-02
3.473314986509999926e+03,3.550952999999999748e-02
3.475243534522000118e+03,3.538786599999999699e-02
3.477172082533999856e+03,3.514675400000000227e-02
3.479100630546000048e+03,3.495783400000000013e-02
3.481029178556999796e+03,3.483358000000000287e-02
3.482957726568999988e+03,3.474322299999999669e-02
3.484886274581000180e+03,3.472050299999999978e-02
3.486814822592999917e+03,3.482028100000000154e-02
3.488743370605000109e+03,3.494081599999999954e-02
3.490671918616999847e+03,3.506926800000000066e-02
3.492600466629000039e+03,3.517327499999999690e-02
3.494529014640999776e+03,3.510443099999999844e-02
3.496457562651999979e+03,3.498257700000000081e-02
3.498386110664000171e+03,3.486549900000000118e-02
3.500314658675999908e+03,3.473711399999999949e-02
3.502243206688000100e+03,3.473990400000000200e-02
3.504171754699999838e+03,3.470344100000000154e-02
3.506100302712000030e+03,3.461479800000000218e-02
3.508028850724000222e+03,3.452331899999999676e-02
3.509957398734999970e+03,3.457528399999999780e-02
3.511885946747000162e+03,3.486186299999999988e-02
3.513814494758999899e+03,3.521240099999999734e-02
3.515743042771000091e+03,3.556283899999999887e-02
3.517671590782999829e+03,3.564925099999999986e-02
3.519600138795000021e+03,3.529128799999999705e-02
3.521528686807000213e+03,3.491979800000000189e-02
3.523457234818999950e+03,3.463879599999999948e-02
3.525385782830000153e+03,3.447947299999999660e-02
3.527314330841999890e+03,3.445064999999999933e-02
3.529242878854000082e+03,3.440312300000000073e-02
3.531171426865999820e+03,3.431674099999999783e-02
3.533099974878000012e+03,3.434373100000000234e-02
3.535028522890000204e+03,3.456280400000000252e-02
3.536957070901999941e+03,3.478227200000000296e-02
3.538885618913000144e+03,3.482161100000000231e-02
3.540814166924999881e+03,3.460130799999999729e-02
3.542742714937000073e+03,3.424530099999999883e-02
3.544671262948999811e+03,3.402052800000000127e-02
3.546599810961000003e+03,3.396777399999999919e-02
3.548528358973000195e+03,3.388081500000000162e-02
3.550456906984999932e+03,3.373450000000000060e-02
3.552385454997000124e+03,3.376789799999999758e-02
3.554314003007999872e+03,3.397493399999999830e-02
3.556242551020000064e+03,3.410255899999999757e-02
3.558171099031999802e+03,3.395163999999999821e-02
3.560099647043999994e+03,3.385556099999999929e-02
3.562028195056000186e+03,3.404146799999999834e-02
3.563956743067999923e+03,3.431950100000000226e-02
3.565885291080000115e+03,3.448845799999999961e-02
3.567813839091999853e+03,3.437338000000000199e-02
3.569742387103000056e+03,3.395634899999999678e-02
3.571670935114999793e+03,3.338058700000000323e-02
3.573599483126999985e+03,3.294945099999999766e-02
3.575528031139000177e+03,3.294529000000000207e-02
3.577456579150999914e+03,3.288748100000000313e-02
3.579385127163000107e+03,3.283086400000000127e-02
3.581313675174999844e+03,3.341229999999999895e-02
3.583242223186000047e+03,3.413066299999999859e-02
3.585170771197999784e+03,3.432622899999999977e-02
3.587099319209999976e+03,3.388490899999999778e-02
3.589027867222000168e+03,3.315462200000000165e-02
3.590956415233999905e+03,3.249909000000000131e-02
3.592884963246000098e+03,3.239052700000000229e-02
3.594813511257999835e+03,3.302610699999999899e-02
3.596742059270000027e+03,3.376677299999999993e-02
3.598670607280999775e+03,3.377505799999999669e-02
3.600599155292999967e+03,3.330473600000000145e-02
3.602527703305000159e+03,3.268799900000000230e-02
3.604456251316999897e+03,3.213699200000000311e-02
3.606384799329000089e+03,3.204348299999999761e-02
3.608313347340999826e+03,3.243946300000000171e-02
3.610241895353000018e+03,3.290118300000000051e-02
3.612170443364000221e+03,3.326009600000000288e-02
3.614098991375999958e+03,3.348347200000000023e-02
3.616027539388000150e+03,3.340859699999999821e-02
3.617956087399999888e+03,3.291849399999999953e-02
3.619884635412000080e+03,3.203895300000000196e-02
3.621813183423999817e+03,3.194480400000000025e-02
3.623741731436000009e+03,3.260697800000000174e-02
3.625670279448000201e+03,3.342785300000000043e-02
3.627598827458999949e+03,3.404440699999999875e-02
3.629527375471000141e+03,3.393685800000000030e-02
3.631455923482999879e+03,3.311153499999999750e-02
3.633384471495000071e+03,3.194108600000000048e-02
3.635313019506999808e+03,3.112442400000000123e-02
3.637241567519000000e+03,3.086981399999999889e-02
3.639170115531000192e+03,3.026768599999999851e-02
3.641098663541999940e+03,2.983343200000000001e-02
3.643027211554000132e+03,3.108537600000000137e-02
3.644955759565999870e+03,3.322154299999999921e-02
3.646884307578000062e+03,3.473395900000000175e-02
3.648812855589999799e+03,3.506716299999999842e-02
3.650741403601999991e+03,3.421413200000000127e-02
3.652669951614000183e+03,3.237465800000000060e-02
3.654598499625999921e+03,3.066384999999999944e-02
3.656527047637000123e+03,3.016108300000000172e-02
3.658455595648999861e+03,3.053117899999999857e-02
3.660384143661000053e+03,3.026444699999999988e-02
3.662312691672999790e+03,3.003476199999999957e-02
3.664241239684999982e+03,3.039046899999999982e-02
3.666169787697000174e+03,3.057692600000000080e-02
3.668098335708999912e+03,3.107308799999999871e-02
3.670026883721000104e+03,3.172197599999999895e-02
3.671955431731999852e+03,3.177892400000000006e-02
3.673883979744000044e+03,3.118326899999999957e-02
3.675812527755999781e+03,3.041210800000000020e-02
3.677741075767999973e+03,2.991731799999999830e-02
3.679669623780000165e+03,2.935902799999999882e-02
3.681598171791999903e+03,2.919114399999999873e-02
3.683526719804000095e+03,3.019021100000000152e-02
3.685455267814999843e+03,3.104249900000000117e-02
3.687383815827000035e+03,3.142881799999999726e-02
3.689312363839000227e+03,3.128868700000000252e-02
3.691240911850999964e+03,3.063254400000000113e-02
3.693169459863000156e+03,2.993791700000000139e-02
3.695098007874999894e+03,2.959018600000000096e-02
3.697026555887000086e+03,2.999347999999999945e-02
3.698955103898999823e+03,3.058832699999999849e-02
3.700883651910000026e+03,3.045832600000000084e-02
3.702812199922000218e+03,3.013125100000000126e-02
3.704740747933999955e+03,3.020481200000000102e-02
3.706669295946000148e+03,3.036742799999999839e-02
3.708597843957999885e+03,3.035046699999999903e-02
3.710526391970000077e+03,3.018106699999999892e-02
3.712454939981999814e+03,2.997184400000000096e-02
3.714383487993000017e+03,2.979257299999999928e-02
3.716312036005000209e+03,2.995934199999999992e-02
3.718240584016999946e+03,3.051280400000000101e-02
3.720169132029000139e+03,3.109376299999999996e-02
3.722097680040999876e+03,3.113070100000000021e-02
3.724026228053000068e+03,3.097295599999999940e-02
3.725954776064999805e+03,3.083409200000000044e-02
3.727883324076999997e+03,3.113534499999999830e-02
3.729811872088000200e+03,3.197948999999999931e-02
3.731740420099999938e+03,3.258952500000000113e-02
3.733668968112000130e+03,3.266462299999999680e-02
3.735597516123999867e+03,3.215119999999999784e-02
3.737526064136000059e+03,3.161971300000000068e-02
3.739454612147999796e+03,3.154556499999999764e-02
3.741383160159999989e+03,3.147181899999999810e-02
3.743311708172000181e+03,3.139495099999999733e-02
3.745240256182999929e+03,3.166352599999999740e-02
3.747168804195000121e+03,3.180641699999999655e-02
3.749097352206999858e+03,3.182350500000000193e-02
3.751025900219000050e+03,3.165833700000000167e-02
3.752954448230999787e+03,3.172713499999999659e-02
3.754882996242999980e+03,3.115170100000000039e-02
3.756811544255000172e+03,3.018112699999999857e-02
3.758740092265999920e+03,2.982568899999999898e-02
3.760668640278000112e+03,2.958530399999999977e-02
3.762597188289999849e+03,2.924952299999999950e-02
3.764525736302000041e+03,2.960643500000000039e-02
3.766454284313999779e+03,3.032697200000000065e-02
3.768382832325999971e+03,3.071809400000000134e-02
3.770311380338000163e+03,3.027503600000000170e-02
3.772239928349999900e+03,2.985582700000000145e-02
3.774168476361000103e+03,2.967594600000000166e-02
3.776097024372999840e+03,2.946385199999999871e-02
3.778025572385000032e+03,2.956044099999999980e-02
3.779954120397000224e+03,2.970933699999999886e-02
3.781882668408999962e+03,2.965967499999999993e-02
3.783811216421000154e+03,2.954668599999999909e-02
3.785739764432999891e+03,2.952809600000000020e-02
3.787668312444000094e+03,2.963517200000000129e-02
3.789596860455999831e+03,2.956345999999999974e-02
3.791525408468000023e+03,2.931906700000000074e-02
3.793453956480000215e+03,2.944287099999999893e-02
3.795382504491999953e+03,3.011408100000000088e-02
3.797311052504000145e+03,3.059554100000000040e-02
3.799239600515999882e+03,3.084954999999999989e-02
3.801168148528000074e+03,3.096783499999999911e-02
3.803096696538999822e+03,3.076343200000000028e-02
3.805025244551000014e+03,3.031868100000000010e-02
3.806953792563000206e+03,2.983525399999999855e-02
3.808882340574999944e+03,2.992890200000000028e-02
3.810810888587000136e+03,3.011207499999999856e-02
3.812739436598999873e+03,2.988100100000000078e-02
3.814667984611000065e+03,3.049018200000000109e-02
3.816596532622999803e+03,3.135140599999999833e-02
3.818525080634000005e+03,3.181619900000000334e-02
3.820453628646000197e+03,3.205254700000000068e-02
3.822382176657999935e+03,3.208681199999999928e-02
3.824310724670000127e+03,3.206489600000000245e-02
3.826239272681999864e+03,3.151276000000000077e-02
3.828167820694000056e+03,3.082363299999999959e-02
3.830096368705999794e+03,3.064751400000000070e-02
3.832024916716999996e+03,3.071880499999999833e-02
3.833953464729000189e+03,3.125087499999999741e-02
3.835882012740999926e+03,3.195253399999999772e-02
3.837810560753000118e+03,3.225681200000000276e-02
3.839739108764999855e+03,3.175355900000000064e-02
3.841667656777000047e+03,3.067954999999999988e-02
3.843596204788999785e+03,2.970973999999999837e-02
3.845524752800999977e+03,2.894635699999999895e-02
3.847453300812000180e+03,3.030015299999999981e-02
3.849381848823999917e+03,3.275111299999999837e-02
3.851310396836000109e+03,3.455181400000000014e-02
3.853238944847999846e+03,3.458862399999999837e-02
3.855167492860000038e+03,3.297238400000000041e-02
3.857096040871999776e+03,3.127988400000000085e-02
3.859024588883999968e+03,3.032536099999999860e-02
3.860953136895000171e+03,3.044040699999999919e-02
3.862881684906999908e+03,3.154852200000000245e-02
3.864810232919000100e+03,3.141988799999999998e-02
3.866738780930999837e+03,3.103256000000000070e-02
3.868667328943000030e+03,3.096631700000000015e-02
3.870595876955000222e+03,3.116186899999999829e-02
3.872524424966999959e+03,3.123008999999999855e-02
3.874452972979000151e+03,3.080689899999999870e-02
3.876381520989999899e+03,3.035048400000000049e-02
3.878310069002000091e+03,3.046757400000000074e-02
3.880238617013999828e+03,3.100020100000000153e-02
3.882167165026000021e+03,3.150015700000000085e-02
3.884095713038000213e+03,3.155782800000000304e-02
3.886024261049999950e+03,3.128751400000000238e-02
3.887952809062000142e+03,3.094140600000000116e-02
3.889881357073999880e+03,3.064970100000000142e-02
3.891809905085000082e+03,3.044555700000000156e-02
3.893738453096999820e+03,3.054553800000000055e-02
3.895667001109000012e+03,3.091026499999999927e-02
3.897595549121000204e+03,3.142585199999999718e-02
3.899524097132999941e+03,3.182717000000000185e-02
3.901452645145000133e+03,3.173974499999999976e-02
3.903381193156999871e+03,3.124964400000000003e-02
3.905309741168000073e+03,3.070869299999999871e-02
3.907238289179999811e+03,3.020912799999999829e-02
3.909166837192000003e+03,3.003781100000000107e-02
3.911095385204000195e+03,3.032621699999999906e-02
3.913023933215999932e+03,3.075851500000000016e-02
3.914952481228000124e+03,3.095253599999999924e-02
3.916881029239999862e+03,3.116109200000000135e-02
3.918809577252000054e+03,3.154965500000000284e-02
3.920738125262999802e+03,3.166361899999999702e-02
3.922666673274999994e+03,3.138375999999999666e-02
3.924595221287000186e+03,3.113847599999999827e-02
3.926523769298999923e+03,3.112108099999999836e-02
3.928452317311000115e+03,3.108661799999999989e-02
3.930380865322999853e+03,3.110995299999999922e-02
3.932309413335000045e+03,3.117114299999999838e-02
3.934237961345999793e+03,3.090220499999999856e-02
3.936166509357999985e+03,3.040313199999999938e-02
3.938095057370000177e+03,3.018101700000000095e-02
3.940023605381999914e+03,3.026833599999999985e-02
3.941952153394000106e+03,3.060871700000000056e-02
3.943880701405999844e+03,3.098938799999999966e-02
3.945809249418000036e+03,3.122454699999999833e-02
3.947737797429999773e+03,3.106824700000000022e-02
3.949666345440999976e+03,3.075743099999999827e-02
3.951594893453000168e+03,3.051528499999999963e-02
3.953523441464999905e+03,3.033868199999999876e-02
3.955451989477000097e+03,3.038143399999999883e-02
3.957380537488999835e+03,3.065105900000000133e-02
3.959309085501000027e+03,3.078699099999999966e-02
3.961237633513000219e+03,3.061831900000000148e-02
3.963166181524999956e+03,3.025663300000000153e-02
3.965094729536000159e+03,2.998552300000000004e-02
3.967023277547999896e+03,2.999410599999999955e-02
3.968951825560000088e+03,3.023009000000000113e-02
3.970880373571999826e+03,3.056216600000000172e-02
3.972808921584000018e+03,3.092485299999999868e-02
3.974737469596000210e+03,3.109272199999999972e-02
3.976666017607999947e+03,3.097746499999999917e-02
3.978594565619000150e+03,3.081488799999999861e-02
3.980523113630999887e+03,3.074661100000000008e-02
3.982451661643000079e+03,3.082056299999999874e-02
3.984380209654999817e+03,3.110333499999999932e-02
3.986308757667000009e+03,3.138735100000000083e-02
3.988237305679000201e+03,3.141426299999999783e-02
3.990165853690999938e+03,3.126750500000000099e-02
3.992094401703000131e+03,3.112981500000000165e-02
3.994022949713999878e+03,3.127221000000000167e-02
3.995951497726000071e+03,3.163062800000000091e-02
3.997880045737999808e+03,3.193576599999999738e-02
3.999808593750000000e+03,3.152867799999999748e-02
